tables,rows,max_id,duration
2,10000,10,00:00:00.002001
2,10000,10,00:00:00.001082
2,10000,10,00:00:00.001062
2,10000,10,00:00:00.001091
2,10000,10,00:00:00.001059
2,10000,10,00:00:00.001051
2,10000,10,00:00:00.001028
2,10000,10,00:00:00.00105
2,10000,10,00:00:00.001029
2,10000,10,00:00:00.001018
3,10000,10,00:00:00.002484
3,10000,10,00:00:00.002032
3,10000,10,00:00:00.002053
3,10000,10,00:00:00.002022
3,10000,10,00:00:00.002063
3,10000,10,00:00:00.002063
3,10000,10,00:00:00.002077
3,10000,10,00:00:00.002028
3,10000,10,00:00:00.002045
3,10000,10,00:00:00.002073
4,10000,10,00:00:00.003434
4,10000,10,00:00:00.003056
4,10000,10,00:00:00.00306
4,10000,10,00:00:00.003055
4,10000,10,00:00:00.003071
4,10000,10,00:00:00.003104
4,10000,10,00:00:00.003064
4,10000,10,00:00:00.003085
4,10000,10,00:00:00.003059
4,10000,10,00:00:00.003041
5,10000,10,00:00:00.004515
5,10000,10,00:00:00.004109
5,10000,10,00:00:00.004114
5,10000,10,00:00:00.004095
5,10000,10,00:00:00.004227
5,10000,10,00:00:00.004131
5,10000,10,00:00:00.004126
5,10000,10,00:00:00.004123
5,10000,10,00:00:00.004194
5,10000,10,00:00:00.004446
6,10000,10,00:00:00.00564
6,10000,10,00:00:00.005215
6,10000,10,00:00:00.005181
6,10000,10,00:00:00.005191
6,10000,10,00:00:00.005224
6,10000,10,00:00:00.005174
6,10000,10,00:00:00.005175
6,10000,10,00:00:00.00526
6,10000,10,00:00:00.005242
6,10000,10,00:00:00.005185
7,10000,10,00:00:00.006754
7,10000,10,00:00:00.006265
7,10000,10,00:00:00.006305
7,10000,10,00:00:00.006324
7,10000,10,00:00:00.006297
7,10000,10,00:00:00.006312
7,10000,10,00:00:00.006261
7,10000,10,00:00:00.006272
7,10000,10,00:00:00.006244
7,10000,10,00:00:00.006285
8,10000,10,00:00:00.00786
8,10000,10,00:00:00.007446
8,10000,10,00:00:00.007418
8,10000,10,00:00:00.007397
8,10000,10,00:00:00.007402
8,10000,10,00:00:00.007472
8,10000,10,00:00:00.007489
8,10000,10,00:00:00.007551
8,10000,10,00:00:00.007526
8,10000,10,00:00:00.007542
9,10000,10,00:00:00.009134
9,10000,10,00:00:00.008862
9,10000,10,00:00:00.008699
9,10000,10,00:00:00.008673
9,10000,10,00:00:00.008875
9,10000,10,00:00:00.008965
9,10000,10,00:00:00.008832
9,10000,10,00:00:00.00906
9,10000,10,00:00:00.008939
9,10000,10,00:00:00.008766
10,10000,10,00:00:00.010251
10,10000,10,00:00:00.009886
10,10000,10,00:00:00.009853
10,10000,10,00:00:00.009783
10,10000,10,00:00:00.009639
10,10000,10,00:00:00.016137
10,10000,10,00:00:00.00976
10,10000,10,00:00:00.009585
10,10000,10,00:00:00.009469
10,10000,10,00:00:00.009592
11,10000,10,00:00:00.011089
11,10000,10,00:00:00.010756
11,10000,10,00:00:00.010641
11,10000,10,00:00:00.010659
11,10000,10,00:00:00.010522
11,10000,10,00:00:00.010584
11,10000,10,00:00:00.010561
11,10000,10,00:00:00.010525
11,10000,10,00:00:00.010584
11,10000,10,00:00:00.010534
12,10000,10,00:00:00.012054
12,10000,10,00:00:00.011592
12,10000,10,00:00:00.011652
12,10000,10,00:00:00.011612
12,10000,10,00:00:00.011613
12,10000,10,00:00:00.011675
12,10000,10,00:00:00.011738
12,10000,10,00:00:00.011801
12,10000,10,00:00:00.011728
12,10000,10,00:00:00.011752
13,10000,10,00:00:00.013239
13,10000,10,00:00:00.012704
13,10000,10,00:00:00.01267
13,10000,10,00:00:00.012622
13,10000,10,00:00:00.012674
13,10000,10,00:00:00.012673
13,10000,10,00:00:00.01277
13,10000,10,00:00:00.012744
13,10000,10,00:00:00.012899
13,10000,10,00:00:00.01318
14,10000,10,00:00:00.014596
14,10000,10,00:00:00.013878
14,10000,10,00:00:00.013819
14,10000,10,00:00:00.013741
14,10000,10,00:00:00.013912
14,10000,10,00:00:00.014039
14,10000,10,00:00:00.014115
14,10000,10,00:00:00.014161
14,10000,10,00:00:00.0143
14,10000,10,00:00:00.014521
15,10000,10,00:00:00.016203
15,10000,10,00:00:00.015729
15,10000,10,00:00:00.015829
15,10000,10,00:00:00.015882
15,10000,10,00:00:00.015745
15,10000,10,00:00:00.015585
15,10000,10,00:00:00.015488
15,10000,10,00:00:00.015355
15,10000,10,00:00:00.015826
15,10000,10,00:00:00.015635
16,10000,10,00:00:00.017069
16,10000,10,00:00:00.016663
16,10000,10,00:00:00.016939
16,10000,10,00:00:00.016842
16,10000,10,00:00:00.016643
16,10000,10,00:00:00.016526
16,10000,10,00:00:00.016356
16,10000,10,00:00:00.016478
16,10000,10,00:00:00.016845
16,10000,10,00:00:00.016939
17,10000,10,00:00:00.018548
17,10000,10,00:00:00.018159
17,10000,10,00:00:00.018189
17,10000,10,00:00:00.018091
17,10000,10,00:00:00.01925
17,10000,10,00:00:00.018855
17,10000,10,00:00:00.01805
17,10000,10,00:00:00.017987
17,10000,10,00:00:00.017969
17,10000,10,00:00:00.018025
18,10000,10,00:00:00.019318
18,10000,10,00:00:00.019036
18,10000,10,00:00:00.018824
18,10000,10,00:00:00.01854
18,10000,10,00:00:00.018472
18,10000,10,00:00:00.01853
18,10000,10,00:00:00.018607
18,10000,10,00:00:00.018655
18,10000,10,00:00:00.018546
18,10000,10,00:00:00.018736
19,10000,10,00:00:00.020335
19,10000,10,00:00:00.020055
19,10000,10,00:00:00.020306
19,10000,10,00:00:00.02014
19,10000,10,00:00:00.020143
19,10000,10,00:00:00.020187
19,10000,10,00:00:00.019905
19,10000,10,00:00:00.019983
19,10000,10,00:00:00.019992
19,10000,10,00:00:00.01989
20,10000,10,00:00:00.021637
20,10000,10,00:00:00.021258
20,10000,10,00:00:00.021065
20,10000,10,00:00:00.021089
20,10000,10,00:00:00.021183
20,10000,10,00:00:00.021207
20,10000,10,00:00:00.02099
20,10000,10,00:00:00.021097
20,10000,10,00:00:00.021242
20,10000,10,00:00:00.021229
21,10000,10,00:00:00.022711
21,10000,10,00:00:00.022505
21,10000,10,00:00:00.022481
21,10000,10,00:00:00.022504
21,10000,10,00:00:00.022467
21,10000,10,00:00:00.022408
21,10000,10,00:00:00.022496
21,10000,10,00:00:00.02229
21,10000,10,00:00:00.022386
21,10000,10,00:00:00.022256
22,10000,10,00:00:00.023954
22,10000,10,00:00:00.023647
22,10000,10,00:00:00.023852
22,10000,10,00:00:00.023765
22,10000,10,00:00:00.023639
22,10000,10,00:00:00.023816
22,10000,10,00:00:00.023892
22,10000,10,00:00:00.02479
22,10000,10,00:00:00.025708
22,10000,10,00:00:00.023648
23,10000,10,00:00:00.025023
23,10000,10,00:00:00.024563
23,10000,10,00:00:00.024389
23,10000,10,00:00:00.02452
23,10000,10,00:00:00.024508
23,10000,10,00:00:00.024588
23,10000,10,00:00:00.024677
23,10000,10,00:00:00.024635
23,10000,10,00:00:00.024634
23,10000,10,00:00:00.024538
24,10000,10,00:00:00.026024
24,10000,10,00:00:00.025816
24,10000,10,00:00:00.025662
24,10000,10,00:00:00.025857
24,10000,10,00:00:00.026041
24,10000,10,00:00:00.026196
24,10000,10,00:00:00.025972
24,10000,10,00:00:00.026133
24,10000,10,00:00:00.026064
24,10000,10,00:00:00.026032
25,10000,10,00:00:00.027531
25,10000,10,00:00:00.027134
25,10000,10,00:00:00.027204
25,10000,10,00:00:00.027354
25,10000,10,00:00:00.027364
25,10000,10,00:00:00.02717
25,10000,10,00:00:00.027152
25,10000,10,00:00:00.026965
25,10000,10,00:00:00.026983
25,10000,10,00:00:00.027017
26,10000,10,00:00:00.028776
26,10000,10,00:00:00.028277
26,10000,10,00:00:00.029949
26,10000,10,00:00:00.028491
26,10000,10,00:00:00.028544
26,10000,10,00:00:00.028437
26,10000,10,00:00:00.028573
26,10000,10,00:00:00.028342
26,10000,10,00:00:00.028291
26,10000,10,00:00:00.028306
27,10000,10,00:00:00.029803
27,10000,10,00:00:00.029251
27,10000,10,00:00:00.029449
27,10000,10,00:00:00.029519
27,10000,10,00:00:00.029635
27,10000,10,00:00:00.029609
27,10000,10,00:00:00.029463
27,10000,10,00:00:00.029858
27,10000,10,00:00:00.029668
27,10000,10,00:00:00.029748
28,10000,10,00:00:00.030835
28,10000,10,00:00:00.030035
28,10000,10,00:00:00.03048
28,10000,10,00:00:00.030881
28,10000,10,00:00:00.030631
28,10000,10,00:00:00.030458
28,10000,10,00:00:00.030405
28,10000,10,00:00:00.030751
28,10000,10,00:00:00.030812
28,10000,10,00:00:00.030486
29,10000,10,00:00:00.032057
29,10000,10,00:00:00.031751
29,10000,10,00:00:00.032127
29,10000,10,00:00:00.032221
29,10000,10,00:00:00.032363
29,10000,10,00:00:00.032256
29,10000,10,00:00:00.032146
29,10000,10,00:00:00.031996
29,10000,10,00:00:00.032446
29,10000,10,00:00:00.031984
30,10000,10,00:00:00.033518
30,10000,10,00:00:00.032933
30,10000,10,00:00:00.032656
30,10000,10,00:00:00.033028
30,10000,10,00:00:00.033077
30,10000,10,00:00:00.033012
30,10000,10,00:00:00.032919
30,10000,10,00:00:00.032763
30,10000,10,00:00:00.032864
30,10000,10,00:00:00.032857
31,10000,10,00:00:00.034598
31,10000,10,00:00:00.034674
31,10000,10,00:00:00.034602
31,10000,10,00:00:00.034597
31,10000,10,00:00:00.034546
31,10000,10,00:00:00.034278
31,10000,10,00:00:00.034359
31,10000,10,00:00:00.034567
31,10000,10,00:00:00.034859
31,10000,10,00:00:00.034322
32,10000,10,00:00:00.03559
32,10000,10,00:00:00.034898
32,10000,10,00:00:00.035073
32,10000,10,00:00:00.03583
32,10000,10,00:00:00.037176
32,10000,10,00:00:00.035409
32,10000,10,00:00:00.035155
32,10000,10,00:00:00.034862
32,10000,10,00:00:00.035229
32,10000,10,00:00:00.0352
33,10000,10,00:00:00.036468
33,10000,10,00:00:00.035634
33,10000,10,00:00:00.035753
33,10000,10,00:00:00.036028
33,10000,10,00:00:00.036438
33,10000,10,00:00:00.036415
33,10000,10,00:00:00.036382
33,10000,10,00:00:00.036556
33,10000,10,00:00:00.036605
33,10000,10,00:00:00.03616
34,10000,10,00:00:00.038098
34,10000,10,00:00:00.038156
34,10000,10,00:00:00.037762
34,10000,10,00:00:00.037772
34,10000,10,00:00:00.037446
34,10000,10,00:00:00.037508
34,10000,10,00:00:00.037217
34,10000,10,00:00:00.037322
34,10000,10,00:00:00.037457
34,10000,10,00:00:00.03743
35,10000,10,00:00:00.03908
35,10000,10,00:00:00.038545
35,10000,10,00:00:00.039596
35,10000,10,00:00:00.038721
35,10000,10,00:00:00.038653
35,10000,10,00:00:00.039093
35,10000,10,00:00:00.038932
35,10000,10,00:00:00.038873
35,10000,10,00:00:00.038918
35,10000,10,00:00:00.038727
36,10000,10,00:00:00.040493
36,10000,10,00:00:00.040266
36,10000,10,00:00:00.04037
36,10000,10,00:00:00.040532
36,10000,10,00:00:00.040311
36,10000,10,00:00:00.040054
36,10000,10,00:00:00.040366
36,10000,10,00:00:00.04073
36,10000,10,00:00:00.040623
36,10000,10,00:00:00.040876
37,10000,10,00:00:00.042563
37,10000,10,00:00:00.042237
37,10000,10,00:00:00.041914
37,10000,10,00:00:00.041925
37,10000,10,00:00:00.041754
37,10000,10,00:00:00.042238
37,10000,10,00:00:00.043189
37,10000,10,00:00:00.041298
37,10000,10,00:00:00.04113
37,10000,10,00:00:00.043983
38,10000,10,00:00:00.042242
38,10000,10,00:00:00.042127
38,10000,10,00:00:00.041862
38,10000,10,00:00:00.041609
38,10000,10,00:00:00.041438
38,10000,10,00:00:00.041794
38,10000,10,00:00:00.041898
38,10000,10,00:00:00.042205
38,10000,10,00:00:00.042626
38,10000,10,00:00:00.042512
39,10000,10,00:00:00.044083
39,10000,10,00:00:00.043365
39,10000,10,00:00:00.043598
39,10000,10,00:00:00.043169
39,10000,10,00:00:00.043568
39,10000,10,00:00:00.043634
39,10000,10,00:00:00.043714
39,10000,10,00:00:00.043285
39,10000,10,00:00:00.043365
39,10000,10,00:00:00.043582
40,10000,10,00:00:00.045352
40,10000,10,00:00:00.044956
40,10000,10,00:00:00.044887
40,10000,10,00:00:00.0447
40,10000,10,00:00:00.04467
40,10000,10,00:00:00.044979
40,10000,10,00:00:00.04543
40,10000,10,00:00:00.045017
40,10000,10,00:00:00.044981
40,10000,10,00:00:00.044769
41,10000,10,00:00:00.046626
41,10000,10,00:00:00.046081
41,10000,10,00:00:00.045595
41,10000,10,00:00:00.04571
41,10000,10,00:00:00.046349
41,10000,10,00:00:00.046046
41,10000,10,00:00:00.046038
41,10000,10,00:00:00.046084
41,10000,10,00:00:00.04603
41,10000,10,00:00:00.046047
42,10000,10,00:00:00.047921
42,10000,10,00:00:00.047029
42,10000,10,00:00:00.048542
42,10000,10,00:00:00.046563
42,10000,10,00:00:00.046909
42,10000,10,00:00:00.046551
42,10000,10,00:00:00.046867
42,10000,10,00:00:00.04674
42,10000,10,00:00:00.04644
42,10000,10,00:00:00.047162
43,10000,10,00:00:00.048691
43,10000,10,00:00:00.048025
43,10000,10,00:00:00.048399
43,10000,10,00:00:00.048045
43,10000,10,00:00:00.047639
43,10000,10,00:00:00.048065
43,10000,10,00:00:00.048474
43,10000,10,00:00:00.048896
43,10000,10,00:00:00.048732
43,10000,10,00:00:00.048623
44,10000,10,00:00:00.049971
44,10000,10,00:00:00.049794
44,10000,10,00:00:00.049615
44,10000,10,00:00:00.049582
44,10000,10,00:00:00.049851
44,10000,10,00:00:00.049712
44,10000,10,00:00:00.049214
44,10000,10,00:00:00.049139
44,10000,10,00:00:00.049689
44,10000,10,00:00:00.049922
45,10000,10,00:00:00.051766
45,10000,10,00:00:00.050945
45,10000,10,00:00:00.050643
45,10000,10,00:00:00.05032
45,10000,10,00:00:00.050423
45,10000,10,00:00:00.050297
45,10000,10,00:00:00.050581
45,10000,10,00:00:00.050625
45,10000,10,00:00:00.051224
45,10000,10,00:00:00.050866
46,10000,10,00:00:00.05245
46,10000,10,00:00:00.051975
46,10000,10,00:00:00.053735
46,10000,10,00:00:00.05181
46,10000,10,00:00:00.052026
46,10000,10,00:00:00.051836
46,10000,10,00:00:00.051685
46,10000,10,00:00:00.051571
46,10000,10,00:00:00.05137
46,10000,10,00:00:00.051455
47,10000,10,00:00:00.053593
47,10000,10,00:00:00.053547
47,10000,10,00:00:00.053245
47,10000,10,00:00:00.052933
47,10000,10,00:00:00.052655
47,10000,10,00:00:00.052634
47,10000,10,00:00:00.053164
47,10000,10,00:00:00.053333
47,10000,10,00:00:00.053144
47,10000,10,00:00:00.052703
48,10000,10,00:00:00.054656
48,10000,10,00:00:00.054353
48,10000,10,00:00:00.054446
48,10000,10,00:00:00.072611
48,10000,10,00:00:00.057941
48,10000,10,00:00:00.056844
48,10000,10,00:00:00.057473
48,10000,10,00:00:00.055194
48,10000,10,00:00:00.054996
48,10000,10,00:00:00.054834
49,10000,10,00:00:00.056409
49,10000,10,00:00:00.055662
49,10000,10,00:00:00.055605
49,10000,10,00:00:00.055406
49,10000,10,00:00:00.05533
49,10000,10,00:00:00.055841
49,10000,10,00:00:00.056422
49,10000,10,00:00:00.055835
49,10000,10,00:00:00.05561
49,10000,10,00:00:00.082543
50,10000,10,00:00:00.057762
50,10000,10,00:00:00.057507
50,10000,10,00:00:00.057086
50,10000,10,00:00:00.056927
50,10000,10,00:00:00.056624
50,10000,10,00:00:00.056693
50,10000,10,00:00:00.057164
50,10000,10,00:00:00.057212
50,10000,10,00:00:00.057229
50,10000,10,00:00:00.057607
51,10000,10,00:00:00.059198
51,10000,10,00:00:00.058428
51,10000,10,00:00:00.058794
51,10000,10,00:00:00.059631
51,10000,10,00:00:00.058597
51,10000,10,00:00:00.058424
51,10000,10,00:00:00.058671
51,10000,10,00:00:00.058731
51,10000,10,00:00:00.058451
51,10000,10,00:00:00.058415
52,10000,10,00:00:00.06028
52,10000,10,00:00:00.059762
52,10000,10,00:00:00.059807
52,10000,10,00:00:00.059593
52,10000,10,00:00:00.05927
52,10000,10,00:00:00.059074
52,10000,10,00:00:00.059202
52,10000,10,00:00:00.059331
52,10000,10,00:00:00.059205
52,10000,10,00:00:00.059342
53,10000,10,00:00:00.061395
53,10000,10,00:00:00.061355
53,10000,10,00:00:00.06233
53,10000,10,00:00:00.061045
53,10000,10,00:00:00.06087
53,10000,10,00:00:00.060282
53,10000,10,00:00:00.060468
53,10000,10,00:00:00.060318
53,10000,10,00:00:00.060614
53,10000,10,00:00:00.060253
54,10000,10,00:00:00.062164
54,10000,10,00:00:00.061465
54,10000,10,00:00:00.061725
54,10000,10,00:00:00.061968
54,10000,10,00:00:00.061599
54,10000,10,00:00:00.062153
54,10000,10,00:00:00.062191
54,10000,10,00:00:00.061682
54,10000,10,00:00:00.062136
54,10000,10,00:00:00.063292
55,10000,10,00:00:00.06395
55,10000,10,00:00:00.063285
55,10000,10,00:00:00.063298
55,10000,10,00:00:00.062979
55,10000,10,00:00:00.062769
55,10000,10,00:00:00.062912
55,10000,10,00:00:00.063131
55,10000,10,00:00:00.063043
55,10000,10,00:00:00.062866
55,10000,10,00:00:00.063138
56,10000,10,00:00:00.064882
56,10000,10,00:00:00.064205
56,10000,10,00:00:00.064332
56,10000,10,00:00:00.064151
56,10000,10,00:00:00.065891
56,10000,10,00:00:00.064592
56,10000,10,00:00:00.067644
56,10000,10,00:00:00.064063
56,10000,10,00:00:00.064204
56,10000,10,00:00:00.064524
57,10000,10,00:00:00.066238
57,10000,10,00:00:00.066193
57,10000,10,00:00:00.066762
57,10000,10,00:00:00.066306
57,10000,10,00:00:00.066575
57,10000,10,00:00:00.066725
57,10000,10,00:00:00.06622
57,10000,10,00:00:00.066365
57,10000,10,00:00:00.06704
57,10000,10,00:00:00.06651
58,10000,10,00:00:00.068527
58,10000,10,00:00:00.067575
58,10000,10,00:00:00.06683
58,10000,10,00:00:00.067136
58,10000,10,00:00:00.067885
58,10000,10,00:00:00.067401
58,10000,10,00:00:00.067991
58,10000,10,00:00:00.068452
58,10000,10,00:00:00.068309
58,10000,10,00:00:00.067748
59,10000,10,00:00:00.06967
59,10000,10,00:00:00.06932
59,10000,10,00:00:00.06901
59,10000,10,00:00:00.132259
59,10000,10,00:00:00.069118
59,10000,10,00:00:00.068891
59,10000,10,00:00:00.068726
59,10000,10,00:00:00.068549
59,10000,10,00:00:00.068929
59,10000,10,00:00:00.068666
60,10000,10,00:00:00.070497
60,10000,10,00:00:00.069377
60,10000,10,00:00:00.069447
60,10000,10,00:00:00.069679
60,10000,10,00:00:00.069058
60,10000,10,00:00:00.069151
60,10000,10,00:00:00.069748
60,10000,10,00:00:00.069271
60,10000,10,00:00:00.069444
60,10000,10,00:00:00.070004
61,10000,10,00:00:00.071178
61,10000,10,00:00:00.070678
61,10000,10,00:00:00.070915
61,10000,10,00:00:00.070878
61,10000,10,00:00:00.070605
61,10000,10,00:00:00.070983
61,10000,10,00:00:00.070989
61,10000,10,00:00:00.070621
61,10000,10,00:00:00.070528
61,10000,10,00:00:00.070782
62,10000,10,00:00:00.072124
62,10000,10,00:00:00.07184
62,10000,10,00:00:00.074345
62,10000,10,00:00:00.072892
62,10000,10,00:00:00.072236
62,10000,10,00:00:00.072129
62,10000,10,00:00:00.071815
62,10000,10,00:00:00.071877
62,10000,10,00:00:00.072795
62,10000,10,00:00:00.072147
63,10000,10,00:00:00.074067
63,10000,10,00:00:00.073886
63,10000,10,00:00:00.073444
63,10000,10,00:00:00.073484
63,10000,10,00:00:00.073259
63,10000,10,00:00:00.073696
63,10000,10,00:00:00.073444
63,10000,10,00:00:00.078221
63,10000,10,00:00:00.073574
63,10000,10,00:00:00.073471
64,10000,10,00:00:00.076958
64,10000,10,00:00:00.075203
64,10000,10,00:00:00.074954
64,10000,10,00:00:00.075169
64,10000,10,00:00:00.075268
64,10000,10,00:00:00.075007
64,10000,10,00:00:00.074546
64,10000,10,00:00:00.075144
64,10000,10,00:00:00.074813
64,10000,10,00:00:00.07672
65,10000,10,00:00:00.077389
65,10000,10,00:00:00.076811
65,10000,10,00:00:00.076483
65,10000,10,00:00:00.076562
65,10000,10,00:00:00.076498
65,10000,10,00:00:00.076537
65,10000,10,00:00:00.076704
65,10000,10,00:00:00.076914
65,10000,10,00:00:00.076916
65,10000,10,00:00:00.076275
66,10000,10,00:00:00.078439
66,10000,10,00:00:00.078351
66,10000,10,00:00:00.077556
66,10000,10,00:00:00.077905
66,10000,10,00:00:00.077694
66,10000,10,00:00:00.077443
66,10000,10,00:00:00.077406
66,10000,10,00:00:00.077443
66,10000,10,00:00:00.078263
66,10000,10,00:00:00.077557
67,10000,10,00:00:00.079587
67,10000,10,00:00:00.078988
67,10000,10,00:00:00.078776
67,10000,10,00:00:00.078491
67,10000,10,00:00:00.079813
67,10000,10,00:00:00.078716
67,10000,10,00:00:00.079563
67,10000,10,00:00:00.079152
67,10000,10,00:00:00.079353
67,10000,10,00:00:00.078929
68,10000,10,00:00:00.080552
68,10000,10,00:00:00.079917
68,10000,10,00:00:00.079909
68,10000,10,00:00:00.079804
68,10000,10,00:00:00.07946
68,10000,10,00:00:00.080334
68,10000,10,00:00:00.080768
68,10000,10,00:00:00.081581
68,10000,10,00:00:00.080416
68,10000,10,00:00:00.080178
69,10000,10,00:00:00.082929
69,10000,10,00:00:00.081821
69,10000,10,00:00:00.081334
69,10000,10,00:00:00.081915
69,10000,10,00:00:00.081265
69,10000,10,00:00:00.081568
69,10000,10,00:00:00.081232
69,10000,10,00:00:00.081487
69,10000,10,00:00:00.081093
69,10000,10,00:00:00.082856
70,10000,10,00:00:00.084394
70,10000,10,00:00:00.10013
70,10000,10,00:00:00.086063
70,10000,10,00:00:00.08303
70,10000,10,00:00:00.083514
70,10000,10,00:00:00.083867
70,10000,10,00:00:00.082604
70,10000,10,00:00:00.09372
70,10000,10,00:00:00.025805
70,10000,10,00:00:00.019329
71,10000,10,00:00:00.019912
71,10000,10,00:00:00.019522
71,10000,10,00:00:00.018847
71,10000,10,00:00:00.019482
71,10000,10,00:00:00.018588
71,10000,10,00:00:00.018485
71,10000,10,00:00:00.018395
71,10000,10,00:00:00.022978
71,10000,10,00:00:00.020197
71,10000,10,00:00:00.022481
72,10000,10,00:00:00.024563
72,10000,10,00:00:00.023328
72,10000,10,00:00:00.022587
72,10000,10,00:00:00.020052
72,10000,10,00:00:00.019764
72,10000,10,00:00:00.019354
72,10000,10,00:00:00.019521
72,10000,10,00:00:00.019614
72,10000,10,00:00:00.019741
72,10000,10,00:00:00.019251
73,10000,10,00:00:00.02029
73,10000,10,00:00:00.020377
73,10000,10,00:00:00.020174
73,10000,10,00:00:00.020094
73,10000,10,00:00:00.025204
73,10000,10,00:00:00.034742
73,10000,10,00:00:00.026405
73,10000,10,00:00:00.021974
73,10000,10,00:00:00.02054
73,10000,10,00:00:00.020041
74,10000,10,00:00:00.020964
74,10000,10,00:00:00.023543
74,10000,10,00:00:00.02068
74,10000,10,00:00:00.026927
74,10000,10,00:00:00.033478
74,10000,10,00:00:00.033212
74,10000,10,00:00:00.031512
74,10000,10,00:00:00.02096
74,10000,10,00:00:00.022647
74,10000,10,00:00:00.020954
75,10000,10,00:00:00.020725
75,10000,10,00:00:00.024891
75,10000,10,00:00:00.022225
75,10000,10,00:00:00.022155
75,10000,10,00:00:00.026811
75,10000,10,00:00:00.02122
75,10000,10,00:00:00.020596
75,10000,10,00:00:00.020581
75,10000,10,00:00:00.021849
75,10000,10,00:00:00.022346
76,10000,10,00:00:00.022338
76,10000,10,00:00:00.020843
76,10000,10,00:00:00.022189
76,10000,10,00:00:00.022145
76,10000,10,00:00:00.022307
76,10000,10,00:00:00.044903
76,10000,10,00:00:00.027693
76,10000,10,00:00:00.039541
76,10000,10,00:00:00.046058
76,10000,10,00:00:00.037359
77,10000,10,00:00:00.037419
77,10000,10,00:00:00.026477
77,10000,10,00:00:00.026351
77,10000,10,00:00:00.02758
77,10000,10,00:00:00.026601
77,10000,10,00:00:00.025459
77,10000,10,00:00:00.026838
77,10000,10,00:00:00.02802
77,10000,10,00:00:00.026596
77,10000,10,00:00:00.025324
78,10000,10,00:00:00.028097
78,10000,10,00:00:00.027138
78,10000,10,00:00:00.024379
78,10000,10,00:00:00.026545
78,10000,10,00:00:00.027114
78,10000,10,00:00:00.025528
78,10000,10,00:00:00.026471
78,10000,10,00:00:00.027252
78,10000,10,00:00:00.026099
78,10000,10,00:00:00.026828
79,10000,10,00:00:00.027311
79,10000,10,00:00:00.025919
79,10000,10,00:00:00.025182
79,10000,10,00:00:00.02727
79,10000,10,00:00:00.027359
79,10000,10,00:00:00.026925
79,10000,10,00:00:00.026738
79,10000,10,00:00:00.027923
79,10000,10,00:00:00.026942
79,10000,10,00:00:00.026717
80,10000,10,00:00:00.028159
80,10000,10,00:00:00.035793
80,10000,10,00:00:00.028265
80,10000,10,00:00:00.027576
80,10000,10,00:00:00.026487
80,10000,10,00:00:00.028854
80,10000,10,00:00:00.029347
80,10000,10,00:00:00.027613
80,10000,10,00:00:00.026536
80,10000,10,00:00:00.028053
81,10000,10,00:00:00.028987
81,10000,10,00:00:00.028457
81,10000,10,00:00:00.027138
81,10000,10,00:00:00.028782
81,10000,10,00:00:00.02933
81,10000,10,00:00:00.029336
81,10000,10,00:00:00.029705
81,10000,10,00:00:00.028194
81,10000,10,00:00:00.027837
81,10000,10,00:00:00.028893
82,10000,10,00:00:00.030128
82,10000,10,00:00:00.02936
82,10000,10,00:00:00.028778
82,10000,10,00:00:00.029078
82,10000,10,00:00:00.028009
82,10000,10,00:00:00.029608
82,10000,10,00:00:00.029615
82,10000,10,00:00:00.028978
82,10000,10,00:00:00.029085
82,10000,10,00:00:00.027705
83,10000,10,00:00:00.029182
83,10000,10,00:00:00.029695
83,10000,10,00:00:00.030116
83,10000,10,00:00:00.029466
83,10000,10,00:00:00.032386
83,10000,10,00:00:00.029528
83,10000,10,00:00:00.02846
83,10000,10,00:00:00.028356
83,10000,10,00:00:00.029617
83,10000,10,00:00:00.03011
84,10000,10,00:00:00.031619
84,10000,10,00:00:00.030743
84,10000,10,00:00:00.030116
84,10000,10,00:00:00.031196
84,10000,10,00:00:00.029952
84,10000,10,00:00:00.030521
84,10000,10,00:00:00.030256
84,10000,10,00:00:00.030323
84,10000,10,00:00:00.02997
84,10000,10,00:00:00.031165
85,10000,10,00:00:00.032704
85,10000,10,00:00:00.031897
85,10000,10,00:00:00.032083
85,10000,10,00:00:00.032399
85,10000,10,00:00:00.031831
85,10000,10,00:00:00.031468
85,10000,10,00:00:00.031764
85,10000,10,00:00:00.031555
85,10000,10,00:00:00.032256
85,10000,10,00:00:00.032911
86,10000,10,00:00:00.034049
86,10000,10,00:00:00.034467
86,10000,10,00:00:00.034041
86,10000,10,00:00:00.033563
86,10000,10,00:00:00.033653
86,10000,10,00:00:00.032948
86,10000,10,00:00:00.03256
86,10000,10,00:00:00.031934
86,10000,10,00:00:00.031457
86,10000,10,00:00:00.033749
87,10000,10,00:00:00.031862
87,10000,10,00:00:00.03144
87,10000,10,00:00:00.03382
87,10000,10,00:00:00.027408
87,10000,10,00:00:00.025684
87,10000,10,00:00:00.025488
87,10000,10,00:00:00.025247
87,10000,10,00:00:00.025731
87,10000,10,00:00:00.026759
87,10000,10,00:00:00.026337
88,10000,10,00:00:00.028061
88,10000,10,00:00:00.026561
88,10000,10,00:00:00.02647
88,10000,10,00:00:00.028118
88,10000,10,00:00:00.028752
88,10000,10,00:00:00.028632
88,10000,10,00:00:00.029145
88,10000,10,00:00:00.028156
88,10000,10,00:00:00.027491
88,10000,10,00:00:00.027492
89,10000,10,00:00:00.028188
89,10000,10,00:00:00.026645
89,10000,10,00:00:00.026917
89,10000,10,00:00:00.027027
89,10000,10,00:00:00.027257
89,10000,10,00:00:00.027348
89,10000,10,00:00:00.028342
89,10000,10,00:00:00.029136
89,10000,10,00:00:00.027747
89,10000,10,00:00:00.026924
90,10000,10,00:00:00.027851
90,10000,10,00:00:00.029997
90,10000,10,00:00:00.027763
90,10000,10,00:00:00.027175
90,10000,10,00:00:00.02684
90,10000,10,00:00:00.027278
90,10000,10,00:00:00.026755
90,10000,10,00:00:00.027344
90,10000,10,00:00:00.027841
90,10000,10,00:00:00.027314
91,10000,10,00:00:00.028483
91,10000,10,00:00:00.029345
91,10000,10,00:00:00.027761
91,10000,10,00:00:00.02746
91,10000,10,00:00:00.028394
91,10000,10,00:00:00.028115
91,10000,10,00:00:00.02835
91,10000,10,00:00:00.028269
91,10000,10,00:00:00.028217
91,10000,10,00:00:00.027513
92,10000,10,00:00:00.029536
92,10000,10,00:00:00.029208
92,10000,10,00:00:00.028927
92,10000,10,00:00:00.028121
92,10000,10,00:00:00.027862
92,10000,10,00:00:00.028487
92,10000,10,00:00:00.028002
92,10000,10,00:00:00.027972
92,10000,10,00:00:00.028655
92,10000,10,00:00:00.028929
93,10000,10,00:00:00.029083
93,10000,10,00:00:00.029206
93,10000,10,00:00:00.029647
93,10000,10,00:00:00.029883
93,10000,10,00:00:00.029905
93,10000,10,00:00:00.029719
93,10000,10,00:00:00.029049
93,10000,10,00:00:00.028361
93,10000,10,00:00:00.028335
93,10000,10,00:00:00.028371
94,10000,10,00:00:00.028841
94,10000,10,00:00:00.029568
94,10000,10,00:00:00.030637
94,10000,10,00:00:00.029339
94,10000,10,00:00:00.029209
94,10000,10,00:00:00.030033
94,10000,10,00:00:00.031017
94,10000,10,00:00:00.031585
94,10000,10,00:00:00.030256
94,10000,10,00:00:00.029445
95,10000,10,00:00:00.031556
95,10000,10,00:00:00.030666
95,10000,10,00:00:00.030125
95,10000,10,00:00:00.030262
95,10000,10,00:00:00.030586
95,10000,10,00:00:00.031302
95,10000,10,00:00:00.031497
95,10000,10,00:00:00.030717
95,10000,10,00:00:00.031023
95,10000,10,00:00:00.030995
96,10000,10,00:00:00.032161
96,10000,10,00:00:00.031545
96,10000,10,00:00:00.032501
96,10000,10,00:00:00.032704
96,10000,10,00:00:00.032291
96,10000,10,00:00:00.032564
96,10000,10,00:00:00.032558
96,10000,10,00:00:00.03342
96,10000,10,00:00:00.032104
96,10000,10,00:00:00.033322
97,10000,10,00:00:00.033969
97,10000,10,00:00:00.032682
97,10000,10,00:00:00.032022
97,10000,10,00:00:00.032194
97,10000,10,00:00:00.032213
97,10000,10,00:00:00.032492
97,10000,10,00:00:00.032475
97,10000,10,00:00:00.031819
97,10000,10,00:00:00.03113
97,10000,10,00:00:00.031981
98,10000,10,00:00:00.033835
98,10000,10,00:00:00.032947
98,10000,10,00:00:00.033143
98,10000,10,00:00:00.032369
98,10000,10,00:00:00.033022
98,10000,10,00:00:00.03271
98,10000,10,00:00:00.032217
98,10000,10,00:00:00.032293
98,10000,10,00:00:00.031566
98,10000,10,00:00:00.030909
99,10000,10,00:00:00.032517
99,10000,10,00:00:00.032178
99,10000,10,00:00:00.031825
99,10000,10,00:00:00.031521
99,10000,10,00:00:00.03176
99,10000,10,00:00:00.031522
99,10000,10,00:00:00.031195
99,10000,10,00:00:00.030869
99,10000,10,00:00:00.031045
99,10000,10,00:00:00.031949
100,10000,10,00:00:00.06488
100,10000,10,00:00:00.063333
100,10000,10,00:00:00.035153
100,10000,10,00:00:00.03478
100,10000,10,00:00:00.034391
100,10000,10,00:00:00.034161
100,10000,10,00:00:00.033562
100,10000,10,00:00:00.033326
100,10000,10,00:00:00.032379
100,10000,10,00:00:00.034109
101,10000,10,00:00:00.036024
101,10000,10,00:00:00.034207
101,10000,10,00:00:00.033981
101,10000,10,00:00:00.03437
101,10000,10,00:00:00.034102
101,10000,10,00:00:00.033637
101,10000,10,00:00:00.033041
101,10000,10,00:00:00.034323
101,10000,10,00:00:00.034398
101,10000,10,00:00:00.034155
102,10000,10,00:00:00.034386
102,10000,10,00:00:00.033162
102,10000,10,00:00:00.033169
102,10000,10,00:00:00.03405
102,10000,10,00:00:00.035422
102,10000,10,00:00:00.0347
102,10000,10,00:00:00.035132
102,10000,10,00:00:00.037154
102,10000,10,00:00:00.034673
102,10000,10,00:00:00.034842
103,10000,10,00:00:00.037767
103,10000,10,00:00:00.033366
103,10000,10,00:00:00.034025
103,10000,10,00:00:00.034044
103,10000,10,00:00:00.033773
103,10000,10,00:00:00.034226
103,10000,10,00:00:00.034019
103,10000,10,00:00:00.0335
103,10000,10,00:00:00.033511
103,10000,10,00:00:00.034749
104,10000,10,00:00:00.036286
104,10000,10,00:00:00.034585
104,10000,10,00:00:00.035816
104,10000,10,00:00:00.035895
104,10000,10,00:00:00.035063
104,10000,10,00:00:00.034041
104,10000,10,00:00:00.03421
104,10000,10,00:00:00.034855
104,10000,10,00:00:00.034321
104,10000,10,00:00:00.033125
105,10000,10,00:00:00.035304
105,10000,10,00:00:00.03434
105,10000,10,00:00:00.03513
105,10000,10,00:00:00.035212
105,10000,10,00:00:00.034798
105,10000,10,00:00:00.03512
105,10000,10,00:00:00.035633
105,10000,10,00:00:00.035605
105,10000,10,00:00:00.035405
105,10000,10,00:00:00.035433
106,10000,10,00:00:00.035537
106,10000,10,00:00:00.035576
106,10000,10,00:00:00.03476
106,10000,10,00:00:00.034842
106,10000,10,00:00:00.035182
106,10000,10,00:00:00.035686
106,10000,10,00:00:00.034829
106,10000,10,00:00:00.035283
106,10000,10,00:00:00.035098
106,10000,10,00:00:00.034696
107,10000,10,00:00:00.03543
107,10000,10,00:00:00.035145
107,10000,10,00:00:00.03536
107,10000,10,00:00:00.034902
107,10000,10,00:00:00.035228
107,10000,10,00:00:00.036131
107,10000,10,00:00:00.03625
107,10000,10,00:00:00.03546
107,10000,10,00:00:00.035262
107,10000,10,00:00:00.035845
108,10000,10,00:00:00.036756
108,10000,10,00:00:00.036049
108,10000,10,00:00:00.036424
108,10000,10,00:00:00.037181
108,10000,10,00:00:00.039286
108,10000,10,00:00:00.037071
108,10000,10,00:00:00.036532
108,10000,10,00:00:00.036574
108,10000,10,00:00:00.035959
108,10000,10,00:00:00.036447
109,10000,10,00:00:00.036478
109,10000,10,00:00:00.035656
109,10000,10,00:00:00.035936
109,10000,10,00:00:00.036645
109,10000,10,00:00:00.03629
109,10000,10,00:00:00.037945
109,10000,10,00:00:00.037354
109,10000,10,00:00:00.037431
109,10000,10,00:00:00.03662
109,10000,10,00:00:00.035956
110,10000,10,00:00:00.037549
110,10000,10,00:00:00.037869
110,10000,10,00:00:00.038629
110,10000,10,00:00:00.037333
110,10000,10,00:00:00.037091
110,10000,10,00:00:00.036851
110,10000,10,00:00:00.037334
110,10000,10,00:00:00.037691
110,10000,10,00:00:00.037553
110,10000,10,00:00:00.037272
111,10000,10,00:00:00.039013
111,10000,10,00:00:00.038056
111,10000,10,00:00:00.03832
111,10000,10,00:00:00.039259
111,10000,10,00:00:00.039306
111,10000,10,00:00:00.039037
111,10000,10,00:00:00.038886
111,10000,10,00:00:00.040457
111,10000,10,00:00:00.039589
111,10000,10,00:00:00.038095
112,10000,10,00:00:00.039548
112,10000,10,00:00:00.041509
112,10000,10,00:00:00.041491
112,10000,10,00:00:00.041382
112,10000,10,00:00:00.041126
112,10000,10,00:00:00.040746
112,10000,10,00:00:00.040109
112,10000,10,00:00:00.040083
112,10000,10,00:00:00.039044
112,10000,10,00:00:00.038666
113,10000,10,00:00:00.039417
113,10000,10,00:00:00.040048
113,10000,10,00:00:00.040305
113,10000,10,00:00:00.040669
113,10000,10,00:00:00.042198
113,10000,10,00:00:00.041896
113,10000,10,00:00:00.043107
113,10000,10,00:00:00.03949
113,10000,10,00:00:00.039716
113,10000,10,00:00:00.039945
114,10000,10,00:00:00.040908
114,10000,10,00:00:00.040242
114,10000,10,00:00:00.041014
114,10000,10,00:00:00.041023
114,10000,10,00:00:00.040282
114,10000,10,00:00:00.04018
114,10000,10,00:00:00.041368
114,10000,10,00:00:00.041819
114,10000,10,00:00:00.041617
114,10000,10,00:00:00.041002
115,10000,10,00:00:00.041558
115,10000,10,00:00:00.041871
115,10000,10,00:00:00.042566
115,10000,10,00:00:00.042852
115,10000,10,00:00:00.042172
115,10000,10,00:00:00.040904
115,10000,10,00:00:00.04055
115,10000,10,00:00:00.041934
115,10000,10,00:00:00.041748
115,10000,10,00:00:00.040395
116,10000,10,00:00:00.041835
116,10000,10,00:00:00.041282
116,10000,10,00:00:00.040818
116,10000,10,00:00:00.058112
116,10000,10,00:00:00.041978
116,10000,10,00:00:00.041426
116,10000,10,00:00:00.048057
116,10000,10,00:00:00.04302
116,10000,10,00:00:00.041073
116,10000,10,00:00:00.040997
117,10000,10,00:00:00.043382
117,10000,10,00:00:00.042899
117,10000,10,00:00:00.043027
117,10000,10,00:00:00.042655
117,10000,10,00:00:00.041835
117,10000,10,00:00:00.042269
117,10000,10,00:00:00.042185
117,10000,10,00:00:00.042467
117,10000,10,00:00:00.042552
117,10000,10,00:00:00.043341
118,10000,10,00:00:00.043985
118,10000,10,00:00:00.043404
118,10000,10,00:00:00.043829
118,10000,10,00:00:00.069134
118,10000,10,00:00:00.04649
118,10000,10,00:00:00.04461
118,10000,10,00:00:00.044629
118,10000,10,00:00:00.045662
118,10000,10,00:00:00.044643
118,10000,10,00:00:00.045138
119,10000,10,00:00:00.045259
119,10000,10,00:00:00.045046
119,10000,10,00:00:00.045281
119,10000,10,00:00:00.046109
119,10000,10,00:00:00.045474
119,10000,10,00:00:00.045877
119,10000,10,00:00:00.045534
119,10000,10,00:00:00.045897
119,10000,10,00:00:00.045191
119,10000,10,00:00:00.044619
120,10000,10,00:00:00.045994
120,10000,10,00:00:00.04493
120,10000,10,00:00:00.044763
120,10000,10,00:00:00.045591
120,10000,10,00:00:00.045029
120,10000,10,00:00:00.045869
120,10000,10,00:00:00.045056
120,10000,10,00:00:00.044004
120,10000,10,00:00:00.044928
120,10000,10,00:00:00.044468
121,10000,10,00:00:00.046924
121,10000,10,00:00:00.048259
121,10000,10,00:00:00.048093
121,10000,10,00:00:00.046891
121,10000,10,00:00:00.047237
121,10000,10,00:00:00.048279
121,10000,10,00:00:00.047804
121,10000,10,00:00:00.048422
121,10000,10,00:00:00.047695
121,10000,10,00:00:00.047746
122,10000,10,00:00:00.048204
122,10000,10,00:00:00.047999
122,10000,10,00:00:00.048404
122,10000,10,00:00:00.049004
122,10000,10,00:00:00.048776
122,10000,10,00:00:00.048348
122,10000,10,00:00:00.049216
122,10000,10,00:00:00.046514
122,10000,10,00:00:00.047388
122,10000,10,00:00:00.047876
123,10000,10,00:00:00.048776
123,10000,10,00:00:00.048799
123,10000,10,00:00:00.048696
123,10000,10,00:00:00.048697
123,10000,10,00:00:00.048352
123,10000,10,00:00:00.048349
123,10000,10,00:00:00.047704
123,10000,10,00:00:00.048651
123,10000,10,00:00:00.047788
123,10000,10,00:00:00.047374
124,10000,10,00:00:00.04778
124,10000,10,00:00:00.047951
124,10000,10,00:00:00.04888
124,10000,10,00:00:00.049102
124,10000,10,00:00:00.048821
124,10000,10,00:00:00.047834
124,10000,10,00:00:00.04926
124,10000,10,00:00:00.047928
124,10000,10,00:00:00.048477
124,10000,10,00:00:00.049957
125,10000,10,00:00:00.051931
125,10000,10,00:00:00.05211
125,10000,10,00:00:00.051824
125,10000,10,00:00:00.050727
125,10000,10,00:00:00.050047
125,10000,10,00:00:00.050183
125,10000,10,00:00:00.051603
125,10000,10,00:00:00.051052
125,10000,10,00:00:00.050612
125,10000,10,00:00:00.049882
126,10000,10,00:00:00.049429
126,10000,10,00:00:00.050176
126,10000,10,00:00:00.049676
126,10000,10,00:00:00.050214
126,10000,10,00:00:00.050106
126,10000,10,00:00:00.050768
126,10000,10,00:00:00.051111
126,10000,10,00:00:00.050086
126,10000,10,00:00:00.050275
126,10000,10,00:00:00.05036
127,10000,10,00:00:00.05191
127,10000,10,00:00:00.050695
127,10000,10,00:00:00.051228
127,10000,10,00:00:00.051581
127,10000,10,00:00:00.052074
127,10000,10,00:00:00.051947
127,10000,10,00:00:00.052699
127,10000,10,00:00:00.052196
127,10000,10,00:00:00.052284
127,10000,10,00:00:00.051385
128,10000,10,00:00:00.052425
128,10000,10,00:00:00.052306
128,10000,10,00:00:00.051729
128,10000,10,00:00:00.052146
128,10000,10,00:00:00.052142
128,10000,10,00:00:00.051189
128,10000,10,00:00:00.051578
128,10000,10,00:00:00.051826
128,10000,10,00:00:00.052769
128,10000,10,00:00:00.053068
129,10000,10,00:00:00.053121
129,10000,10,00:00:00.052022
129,10000,10,00:00:00.052021
129,10000,10,00:00:00.051786
129,10000,10,00:00:00.0516
129,10000,10,00:00:00.050668
129,10000,10,00:00:00.051047
129,10000,10,00:00:00.050142
129,10000,10,00:00:00.051672
129,10000,10,00:00:00.051811
130,10000,10,00:00:00.053043
130,10000,10,00:00:00.053564
130,10000,10,00:00:00.054669
130,10000,10,00:00:00.054655
130,10000,10,00:00:00.054642
130,10000,10,00:00:00.055585
130,10000,10,00:00:00.052774
130,10000,10,00:00:00.051957
130,10000,10,00:00:00.051849
130,10000,10,00:00:00.052089
131,10000,10,00:00:00.052982
131,10000,10,00:00:00.05257
131,10000,10,00:00:00.052158
131,10000,10,00:00:00.05388
131,10000,10,00:00:00.05389
131,10000,10,00:00:00.053485
131,10000,10,00:00:00.053091
131,10000,10,00:00:00.054529
131,10000,10,00:00:00.054362
131,10000,10,00:00:00.052678
132,10000,10,00:00:00.053453
132,10000,10,00:00:00.053928
132,10000,10,00:00:00.053637
132,10000,10,00:00:00.053359
132,10000,10,00:00:00.053922
132,10000,10,00:00:00.053853
132,10000,10,00:00:00.053936
132,10000,10,00:00:00.052752
132,10000,10,00:00:00.054063
132,10000,10,00:00:00.053577
133,10000,10,00:00:00.053935
133,10000,10,00:00:00.054478
133,10000,10,00:00:00.055069
133,10000,10,00:00:00.05575
133,10000,10,00:00:00.055471
133,10000,10,00:00:00.056002
133,10000,10,00:00:00.055765
133,10000,10,00:00:00.055207
133,10000,10,00:00:00.054379
133,10000,10,00:00:00.054655
134,10000,10,00:00:00.056247
134,10000,10,00:00:00.05597
134,10000,10,00:00:00.058609
134,10000,10,00:00:00.056487
134,10000,10,00:00:00.056436
134,10000,10,00:00:00.057573
134,10000,10,00:00:00.057096
134,10000,10,00:00:00.056683
134,10000,10,00:00:00.056884
134,10000,10,00:00:00.057918
135,10000,10,00:00:00.058293
135,10000,10,00:00:00.057185
135,10000,10,00:00:00.057566
135,10000,10,00:00:00.058411
135,10000,10,00:00:00.05734
135,10000,10,00:00:00.057833
135,10000,10,00:00:00.057961
135,10000,10,00:00:00.057573
135,10000,10,00:00:00.057352
135,10000,10,00:00:00.057159
136,10000,10,00:00:00.057756
136,10000,10,00:00:00.061354
136,10000,10,00:00:00.057804
136,10000,10,00:00:00.058906
136,10000,10,00:00:00.058912
136,10000,10,00:00:00.058452
136,10000,10,00:00:00.058117
136,10000,10,00:00:00.058645
136,10000,10,00:00:00.059067
136,10000,10,00:00:00.059764
137,10000,10,00:00:00.060536
137,10000,10,00:00:00.062389
137,10000,10,00:00:00.062078
137,10000,10,00:00:00.061662
137,10000,10,00:00:00.062321
137,10000,10,00:00:00.062078
137,10000,10,00:00:00.063932
137,10000,10,00:00:00.062233
137,10000,10,00:00:00.061747
137,10000,10,00:00:00.061719
138,10000,10,00:00:00.063444
138,10000,10,00:00:00.062384
138,10000,10,00:00:00.062237
138,10000,10,00:00:00.062384
138,10000,10,00:00:00.06239
138,10000,10,00:00:00.061827
138,10000,10,00:00:00.062271
138,10000,10,00:00:00.062403
138,10000,10,00:00:00.062244
138,10000,10,00:00:00.062663
139,10000,10,00:00:00.065729
139,10000,10,00:00:00.064883
139,10000,10,00:00:00.065051
139,10000,10,00:00:00.065044
139,10000,10,00:00:00.06477
139,10000,10,00:00:00.064835
139,10000,10,00:00:00.064641
139,10000,10,00:00:00.064587
139,10000,10,00:00:00.064876
139,10000,10,00:00:00.06509
140,10000,10,00:00:00.06539
140,10000,10,00:00:00.064962
140,10000,10,00:00:00.065233
140,10000,10,00:00:00.065264
140,10000,10,00:00:00.065115
140,10000,10,00:00:00.06495
140,10000,10,00:00:00.065075
140,10000,10,00:00:00.066237
140,10000,10,00:00:00.064267
140,10000,10,00:00:00.06459
141,10000,10,00:00:00.0649
141,10000,10,00:00:00.063908
141,10000,10,00:00:00.064378
141,10000,10,00:00:00.065319
141,10000,10,00:00:00.064872
141,10000,10,00:00:00.063744
141,10000,10,00:00:00.063574
141,10000,10,00:00:00.06381
141,10000,10,00:00:00.06419
141,10000,10,00:00:00.064375
142,10000,10,00:00:00.0662
142,10000,10,00:00:00.066165
142,10000,10,00:00:00.066966
142,10000,10,00:00:00.066272
142,10000,10,00:00:00.066192
142,10000,10,00:00:00.065985
142,10000,10,00:00:00.065842
142,10000,10,00:00:00.066105
142,10000,10,00:00:00.066173
142,10000,10,00:00:00.065952
143,10000,10,00:00:00.066143
143,10000,10,00:00:00.06653
143,10000,10,00:00:00.066865
143,10000,10,00:00:00.06601
143,10000,10,00:00:00.066987
143,10000,10,00:00:00.067636
143,10000,10,00:00:00.067547
143,10000,10,00:00:00.06731
143,10000,10,00:00:00.066582
143,10000,10,00:00:00.084056
144,10000,10,00:00:00.068336
144,10000,10,00:00:00.0695
144,10000,10,00:00:00.066944
144,10000,10,00:00:00.066972
144,10000,10,00:00:00.066713
144,10000,10,00:00:00.068017
144,10000,10,00:00:00.068071
144,10000,10,00:00:00.068124
144,10000,10,00:00:00.073429
144,10000,10,00:00:00.068943
145,10000,10,00:00:00.069811
145,10000,10,00:00:00.067887
145,10000,10,00:00:00.067575
145,10000,10,00:00:00.067693
145,10000,10,00:00:00.067183
145,10000,10,00:00:00.06708
145,10000,10,00:00:00.067713
145,10000,10,00:00:00.067234
145,10000,10,00:00:00.066348
145,10000,10,00:00:00.066733
146,10000,10,00:00:00.067962
146,10000,10,00:00:00.067895
146,10000,10,00:00:00.068174
146,10000,10,00:00:00.068301
146,10000,10,00:00:00.068044
146,10000,10,00:00:00.068096
146,10000,10,00:00:00.068546
146,10000,10,00:00:00.097605
146,10000,10,00:00:00.069242
146,10000,10,00:00:00.068843
147,10000,10,00:00:00.070393
147,10000,10,00:00:00.07014
147,10000,10,00:00:00.069505
147,10000,10,00:00:00.069655
147,10000,10,00:00:00.069127
147,10000,10,00:00:00.069966
147,10000,10,00:00:00.069433
147,10000,10,00:00:00.070096
147,10000,10,00:00:00.070328
147,10000,10,00:00:00.070447
148,10000,10,00:00:00.072405
148,10000,10,00:00:00.078452
148,10000,10,00:00:00.071745
148,10000,10,00:00:00.071093
148,10000,10,00:00:00.070799
148,10000,10,00:00:00.071535
148,10000,10,00:00:00.070835
148,10000,10,00:00:00.071095
148,10000,10,00:00:00.070912
148,10000,10,00:00:00.072281
149,10000,10,00:00:00.073182
149,10000,10,00:00:00.072446
149,10000,10,00:00:00.071813
149,10000,10,00:00:00.072256
149,10000,10,00:00:00.075224
149,10000,10,00:00:00.072509
149,10000,10,00:00:00.072278
149,10000,10,00:00:00.071903
149,10000,10,00:00:00.071923
149,10000,10,00:00:00.072365
150,10000,10,00:00:00.074062
150,10000,10,00:00:00.073962
150,10000,10,00:00:00.07345
150,10000,10,00:00:00.074222
150,10000,10,00:00:00.073416
150,10000,10,00:00:00.073586
150,10000,10,00:00:00.073354
150,10000,10,00:00:00.0744
150,10000,10,00:00:00.073419
150,10000,10,00:00:00.075908
151,10000,10,00:00:00.074411
151,10000,10,00:00:00.074627
151,10000,10,00:00:00.074649
151,10000,10,00:00:00.074559
151,10000,10,00:00:00.074627
151,10000,10,00:00:00.075189
151,10000,10,00:00:00.074867
151,10000,10,00:00:00.075177
151,10000,10,00:00:00.075575
151,10000,10,00:00:00.074968
152,10000,10,00:00:00.07663
152,10000,10,00:00:00.078118
152,10000,10,00:00:00.076292
152,10000,10,00:00:00.075918
152,10000,10,00:00:00.076224
152,10000,10,00:00:00.075936
152,10000,10,00:00:00.075542
152,10000,10,00:00:00.075483
152,10000,10,00:00:00.075481
152,10000,10,00:00:00.075249
153,10000,10,00:00:00.076411
153,10000,10,00:00:00.07604
153,10000,10,00:00:00.076129
153,10000,10,00:00:00.076798
153,10000,10,00:00:00.077259
153,10000,10,00:00:00.076532
153,10000,10,00:00:00.076714
153,10000,10,00:00:00.075799
153,10000,10,00:00:00.07624
153,10000,10,00:00:00.075999
154,10000,10,00:00:00.078408
154,10000,10,00:00:00.078664
154,10000,10,00:00:00.079587
154,10000,10,00:00:00.079236
154,10000,10,00:00:00.078872
154,10000,10,00:00:00.079115
154,10000,10,00:00:00.078641
154,10000,10,00:00:00.080335
154,10000,10,00:00:00.077608
154,10000,10,00:00:00.077998
155,10000,10,00:00:00.078833
155,10000,10,00:00:00.078706
155,10000,10,00:00:00.077025
155,10000,10,00:00:00.077617
155,10000,10,00:00:00.078134
155,10000,10,00:00:00.078257
155,10000,10,00:00:00.078625
155,10000,10,00:00:00.078471
155,10000,10,00:00:00.077846
155,10000,10,00:00:00.077438
156,10000,10,00:00:00.080405
156,10000,10,00:00:00.080065
156,10000,10,00:00:00.080866
156,10000,10,00:00:00.079716
156,10000,10,00:00:00.079163
156,10000,10,00:00:00.079227
156,10000,10,00:00:00.080429
156,10000,10,00:00:00.082146
156,10000,10,00:00:00.080349
156,10000,10,00:00:00.081185
157,10000,10,00:00:00.086972
157,10000,10,00:00:00.082068
157,10000,10,00:00:00.083189
157,10000,10,00:00:00.082557
157,10000,10,00:00:00.082859
157,10000,10,00:00:00.083229
157,10000,10,00:00:00.081799
157,10000,10,00:00:00.080727
157,10000,10,00:00:00.081399
157,10000,10,00:00:00.081212
158,10000,10,00:00:00.084972
158,10000,10,00:00:00.081741
158,10000,10,00:00:00.08725
158,10000,10,00:00:00.084354
158,10000,10,00:00:00.084494
158,10000,10,00:00:00.085407
158,10000,10,00:00:00.087954
158,10000,10,00:00:00.084202
158,10000,10,00:00:00.080954
158,10000,10,00:00:00.080365
159,10000,10,00:00:00.082568
159,10000,10,00:00:00.081314
159,10000,10,00:00:00.081418
159,10000,10,00:00:00.081891
159,10000,10,00:00:00.08206
159,10000,10,00:00:00.08228
159,10000,10,00:00:00.08362
159,10000,10,00:00:00.081699
159,10000,10,00:00:00.080736
159,10000,10,00:00:00.084337
160,10000,10,00:00:00.085558
160,10000,10,00:00:00.083728
160,10000,10,00:00:00.084571
160,10000,10,00:00:00.083297
160,10000,10,00:00:00.08694
160,10000,10,00:00:00.087454
160,10000,10,00:00:00.085487
160,10000,10,00:00:00.082552
160,10000,10,00:00:00.08253
160,10000,10,00:00:00.082847
161,10000,10,00:00:00.085178
161,10000,10,00:00:00.08946
161,10000,10,00:00:00.083952
161,10000,10,00:00:00.085368
161,10000,10,00:00:00.083789
161,10000,10,00:00:00.088038
161,10000,10,00:00:00.086854
161,10000,10,00:00:00.084948
161,10000,10,00:00:00.082938
161,10000,10,00:00:00.082936
162,10000,10,00:00:00.085937
162,10000,10,00:00:00.084662
162,10000,10,00:00:00.086608
162,10000,10,00:00:00.087072
162,10000,10,00:00:00.08711
162,10000,10,00:00:00.084833
162,10000,10,00:00:00.08368
162,10000,10,00:00:00.083956
162,10000,10,00:00:00.084975
162,10000,10,00:00:00.086702
163,10000,10,00:00:00.086156
163,10000,10,00:00:00.086154
163,10000,10,00:00:00.085816
163,10000,10,00:00:00.103532
163,10000,10,00:00:00.085222
163,10000,10,00:00:00.090639
163,10000,10,00:00:00.086619
163,10000,10,00:00:00.086136
163,10000,10,00:00:00.085625
163,10000,10,00:00:00.088602
164,10000,10,00:00:00.087633
164,10000,10,00:00:00.087738
164,10000,10,00:00:00.091501
164,10000,10,00:00:00.112187
164,10000,10,00:00:00.088114
164,10000,10,00:00:00.087271
164,10000,10,00:00:00.088356
164,10000,10,00:00:00.086783
164,10000,10,00:00:00.086572
164,10000,10,00:00:00.087107
165,10000,10,00:00:00.088501
165,10000,10,00:00:00.089718
165,10000,10,00:00:00.090551
165,10000,10,00:00:00.090744
165,10000,10,00:00:00.089728
165,10000,10,00:00:00.089696
165,10000,10,00:00:00.087991
165,10000,10,00:00:00.087923
165,10000,10,00:00:00.089732
165,10000,10,00:00:00.08815
166,10000,10,00:00:00.090315
166,10000,10,00:00:00.090779
166,10000,10,00:00:00.089523
166,10000,10,00:00:00.089733
166,10000,10,00:00:00.088164
166,10000,10,00:00:00.090137
166,10000,10,00:00:00.087641
166,10000,10,00:00:00.088576
166,10000,10,00:00:00.08899
166,10000,10,00:00:00.088849
167,10000,10,00:00:00.100572
167,10000,10,00:00:00.127901
167,10000,10,00:00:00.090644
167,10000,10,00:00:00.090018
167,10000,10,00:00:00.09264
167,10000,10,00:00:00.090991
167,10000,10,00:00:00.098534
167,10000,10,00:00:00.089666
167,10000,10,00:00:00.090685
167,10000,10,00:00:00.089254
168,10000,10,00:00:00.091619
168,10000,10,00:00:00.093161
168,10000,10,00:00:00.090993
168,10000,10,00:00:00.092118
168,10000,10,00:00:00.090955
168,10000,10,00:00:00.090631
168,10000,10,00:00:00.091017
168,10000,10,00:00:00.092491
168,10000,10,00:00:00.095138
168,10000,10,00:00:00.092133
169,10000,10,00:00:00.093589
169,10000,10,00:00:00.094462
169,10000,10,00:00:00.094376
169,10000,10,00:00:00.092622
169,10000,10,00:00:00.093964
169,10000,10,00:00:00.093068
169,10000,10,00:00:00.092015
169,10000,10,00:00:00.093804
169,10000,10,00:00:00.093968
169,10000,10,00:00:00.093383
170,10000,10,00:00:00.09619
170,10000,10,00:00:00.10014
170,10000,10,00:00:00.09622
170,10000,10,00:00:00.095414
170,10000,10,00:00:00.096297
170,10000,10,00:00:00.095472
170,10000,10,00:00:00.103236
170,10000,10,00:00:00.154004
170,10000,10,00:00:00.102184
170,10000,10,00:00:00.111247
171,10000,10,00:00:00.094804
171,10000,10,00:00:00.093768
171,10000,10,00:00:00.094736
171,10000,10,00:00:00.093804
171,10000,10,00:00:00.093992
171,10000,10,00:00:00.093003
171,10000,10,00:00:00.09172
171,10000,10,00:00:00.093448
171,10000,10,00:00:00.094382
171,10000,10,00:00:00.093538
172,10000,10,00:00:00.097168
172,10000,10,00:00:00.095937
172,10000,10,00:00:00.09555
172,10000,10,00:00:00.094577
172,10000,10,00:00:00.094085
172,10000,10,00:00:00.094542
172,10000,10,00:00:00.095987
172,10000,10,00:00:00.095245
172,10000,10,00:00:00.099154
172,10000,10,00:00:00.09417
173,10000,10,00:00:00.097916
173,10000,10,00:00:00.096845
173,10000,10,00:00:00.098879
173,10000,10,00:00:00.100984
173,10000,10,00:00:00.095442
173,10000,10,00:00:00.096623
173,10000,10,00:00:00.099329
173,10000,10,00:00:00.098351
173,10000,10,00:00:00.097002
173,10000,10,00:00:00.09877
174,10000,10,00:00:00.098481
174,10000,10,00:00:00.097291
174,10000,10,00:00:00.097642
174,10000,10,00:00:00.096129
174,10000,10,00:00:00.09622
174,10000,10,00:00:00.097538
174,10000,10,00:00:00.095435
174,10000,10,00:00:00.097301
174,10000,10,00:00:00.100161
174,10000,10,00:00:00.095598
175,10000,10,00:00:00.098525
175,10000,10,00:00:00.097637
175,10000,10,00:00:00.097232
175,10000,10,00:00:00.098059
175,10000,10,00:00:00.098274
175,10000,10,00:00:00.098037
175,10000,10,00:00:00.098234
175,10000,10,00:00:00.099539
175,10000,10,00:00:00.101772
175,10000,10,00:00:00.098537
176,10000,10,00:00:00.101325
176,10000,10,00:00:00.11084
176,10000,10,00:00:00.101004
176,10000,10,00:00:00.102551
176,10000,10,00:00:00.102225
176,10000,10,00:00:00.102909
176,10000,10,00:00:00.100865
176,10000,10,00:00:00.103514
176,10000,10,00:00:00.105639
176,10000,10,00:00:00.101563
177,10000,10,00:00:00.103031
177,10000,10,00:00:00.103583
177,10000,10,00:00:00.100488
177,10000,10,00:00:00.101727
177,10000,10,00:00:00.106242
177,10000,10,00:00:00.102114
177,10000,10,00:00:00.10194
177,10000,10,00:00:00.103775
177,10000,10,00:00:00.101781
177,10000,10,00:00:00.104501
178,10000,10,00:00:00.106708
178,10000,10,00:00:00.102742
178,10000,10,00:00:00.105394
178,10000,10,00:00:00.105819
178,10000,10,00:00:00.102607
178,10000,10,00:00:00.102791
178,10000,10,00:00:00.107907
178,10000,10,00:00:00.101803
178,10000,10,00:00:00.108066
178,10000,10,00:00:00.12513
179,10000,10,00:00:00.13089
179,10000,10,00:00:00.183517
179,10000,10,00:00:00.105203
179,10000,10,00:00:00.106766
179,10000,10,00:00:00.109656
179,10000,10,00:00:00.10864
179,10000,10,00:00:00.104045
179,10000,10,00:00:00.1062
179,10000,10,00:00:00.106757
179,10000,10,00:00:00.103773
180,10000,10,00:00:00.106369
180,10000,10,00:00:00.110111
180,10000,10,00:00:00.105338
180,10000,10,00:00:00.104993
180,10000,10,00:00:00.105084
180,10000,10,00:00:00.133259
180,10000,10,00:00:00.143029
180,10000,10,00:00:00.123726
180,10000,10,00:00:00.104217
180,10000,10,00:00:00.107924
181,10000,10,00:00:00.110076
181,10000,10,00:00:00.105104
181,10000,10,00:00:00.104247
181,10000,10,00:00:00.102785
181,10000,10,00:00:00.112089
181,10000,10,00:00:00.107864
181,10000,10,00:00:00.104269
181,10000,10,00:00:00.106128
181,10000,10,00:00:00.108894
181,10000,10,00:00:00.106336
182,10000,10,00:00:00.10812
182,10000,10,00:00:00.108176
182,10000,10,00:00:00.108014
182,10000,10,00:00:00.113551
182,10000,10,00:00:00.107364
182,10000,10,00:00:00.11474
182,10000,10,00:00:00.106961
182,10000,10,00:00:00.108057
182,10000,10,00:00:00.110586
182,10000,10,00:00:00.108354
183,10000,10,00:00:00.112969
183,10000,10,00:00:00.108042
183,10000,10,00:00:00.108437
183,10000,10,00:00:00.112091
183,10000,10,00:00:00.107104
183,10000,10,00:00:00.109667
183,10000,10,00:00:00.107988
183,10000,10,00:00:00.109047
183,10000,10,00:00:00.107542
183,10000,10,00:00:00.108425
184,10000,10,00:00:00.110206
184,10000,10,00:00:00.111478
184,10000,10,00:00:00.109176
184,10000,10,00:00:00.108498
184,10000,10,00:00:00.109749
184,10000,10,00:00:00.108162
184,10000,10,00:00:00.110331
184,10000,10,00:00:00.109769
184,10000,10,00:00:00.109669
184,10000,10,00:00:00.111058
185,10000,10,00:00:00.110055
185,10000,10,00:00:00.110113
185,10000,10,00:00:00.11024
185,10000,10,00:00:00.108853
185,10000,10,00:00:00.109654
185,10000,10,00:00:00.113088
185,10000,10,00:00:00.109025
185,10000,10,00:00:00.109465
185,10000,10,00:00:00.115276
185,10000,10,00:00:00.108996
186,10000,10,00:00:00.112591
186,10000,10,00:00:00.112804
186,10000,10,00:00:00.113589
186,10000,10,00:00:00.11253
186,10000,10,00:00:00.112452
186,10000,10,00:00:00.110659
186,10000,10,00:00:00.109567
186,10000,10,00:00:00.111364
186,10000,10,00:00:00.119888
186,10000,10,00:00:00.155216
187,10000,10,00:00:00.112534
187,10000,10,00:00:00.111807
187,10000,10,00:00:00.124102
187,10000,10,00:00:00.111792
187,10000,10,00:00:00.117873
187,10000,10,00:00:00.113724
187,10000,10,00:00:00.120132
187,10000,10,00:00:00.115991
187,10000,10,00:00:00.115273
187,10000,10,00:00:00.113882
188,10000,10,00:00:00.112386
188,10000,10,00:00:00.115716
188,10000,10,00:00:00.115069
188,10000,10,00:00:00.112366
188,10000,10,00:00:00.113296
188,10000,10,00:00:00.113799
188,10000,10,00:00:00.11775
188,10000,10,00:00:00.114775
188,10000,10,00:00:00.11484
188,10000,10,00:00:00.113131
189,10000,10,00:00:00.115131
189,10000,10,00:00:00.113451
189,10000,10,00:00:00.113257
189,10000,10,00:00:00.113966
189,10000,10,00:00:00.115837
189,10000,10,00:00:00.112398
189,10000,10,00:00:00.11492
189,10000,10,00:00:00.11367
189,10000,10,00:00:00.113609
189,10000,10,00:00:00.116286
190,10000,10,00:00:00.11954
190,10000,10,00:00:00.115657
190,10000,10,00:00:00.123636
190,10000,10,00:00:00.117175
190,10000,10,00:00:00.119056
190,10000,10,00:00:00.11712
190,10000,10,00:00:00.124705
190,10000,10,00:00:00.116731
190,10000,10,00:00:00.118692
190,10000,10,00:00:00.117367
191,10000,10,00:00:00.119074
191,10000,10,00:00:00.120835
191,10000,10,00:00:00.118302
191,10000,10,00:00:00.118079
191,10000,10,00:00:00.117162
191,10000,10,00:00:00.121263
191,10000,10,00:00:00.118561
191,10000,10,00:00:00.120042
191,10000,10,00:00:00.117079
191,10000,10,00:00:00.116653
192,10000,10,00:00:00.122824
192,10000,10,00:00:00.131411
192,10000,10,00:00:00.123604
192,10000,10,00:00:00.11994
192,10000,10,00:00:00.118421
192,10000,10,00:00:00.119127
192,10000,10,00:00:00.117763
192,10000,10,00:00:00.120322
192,10000,10,00:00:00.145059
192,10000,10,00:00:00.118798
193,10000,10,00:00:00.120026
193,10000,10,00:00:00.119836
193,10000,10,00:00:00.117691
193,10000,10,00:00:00.124663
193,10000,10,00:00:00.118361
193,10000,10,00:00:00.119814
193,10000,10,00:00:00.12195
193,10000,10,00:00:00.119627
193,10000,10,00:00:00.121903
193,10000,10,00:00:00.119753
194,10000,10,00:00:00.124217
194,10000,10,00:00:00.119701
194,10000,10,00:00:00.120875
194,10000,10,00:00:00.120595
194,10000,10,00:00:00.120087
194,10000,10,00:00:00.127467
194,10000,10,00:00:00.119347
194,10000,10,00:00:00.121406
194,10000,10,00:00:00.12006
194,10000,10,00:00:00.118208
195,10000,10,00:00:00.129364
195,10000,10,00:00:00.122559
195,10000,10,00:00:00.12836
195,10000,10,00:00:00.12278
195,10000,10,00:00:00.121399
195,10000,10,00:00:00.12773
195,10000,10,00:00:00.122107
195,10000,10,00:00:00.121935
195,10000,10,00:00:00.123639
195,10000,10,00:00:00.125846
196,10000,10,00:00:00.131091
196,10000,10,00:00:00.128651
196,10000,10,00:00:00.124579
196,10000,10,00:00:00.126337
196,10000,10,00:00:00.126104
196,10000,10,00:00:00.13068
196,10000,10,00:00:00.126044
196,10000,10,00:00:00.123362
196,10000,10,00:00:00.125702
196,10000,10,00:00:00.12424
197,10000,10,00:00:00.1252
197,10000,10,00:00:00.12467
197,10000,10,00:00:00.125119
197,10000,10,00:00:00.124611
197,10000,10,00:00:00.1245
197,10000,10,00:00:00.123209
197,10000,10,00:00:00.127771
197,10000,10,00:00:00.126101
197,10000,10,00:00:00.123046
197,10000,10,00:00:00.131767
198,10000,10,00:00:00.12872
198,10000,10,00:00:00.126478
198,10000,10,00:00:00.130562
198,10000,10,00:00:00.130255
198,10000,10,00:00:00.128089
198,10000,10,00:00:00.132278
198,10000,10,00:00:00.125582
198,10000,10,00:00:00.126193
198,10000,10,00:00:00.133588
198,10000,10,00:00:00.128387
199,10000,10,00:00:00.128289
199,10000,10,00:00:00.128982
199,10000,10,00:00:00.133023
199,10000,10,00:00:00.126771
199,10000,10,00:00:00.13544
199,10000,10,00:00:00.128743
199,10000,10,00:00:00.130761
199,10000,10,00:00:00.131455
199,10000,10,00:00:00.131769
199,10000,10,00:00:00.127771
200,10000,10,00:00:00.136814
200,10000,10,00:00:00.128437
200,10000,10,00:00:00.129532
200,10000,10,00:00:00.133209
200,10000,10,00:00:00.132364
200,10000,10,00:00:00.13127
200,10000,10,00:00:00.128796
200,10000,10,00:00:00.130688
200,10000,10,00:00:00.129693
200,10000,10,00:00:00.128156
