tables,rows,max_id,create_indexes,duration
2,10000,10,t,00:00:00.000854
2,10000,10,t,00:00:00.000249
2,10000,10,t,00:00:00.000221
2,10000,10,t,00:00:00.000213
2,10000,10,t,00:00:00.00021
2,10000,10,t,00:00:00.000209
2,10000,10,t,00:00:00.000181
2,10000,10,t,00:00:00.000175
2,10000,10,t,00:00:00.000172
2,10000,10,t,00:00:00.000171
3,10000,10,t,00:00:00.000524
3,10000,10,t,00:00:00.000331
3,10000,10,t,00:00:00.000321
3,10000,10,t,00:00:00.000318
3,10000,10,t,00:00:00.000318
3,10000,10,t,00:00:00.000354
3,10000,10,t,00:00:00.000324
3,10000,10,t,00:00:00.000317
3,10000,10,t,00:00:00.000316
3,10000,10,t,00:00:00.000361
4,10000,10,t,00:00:00.000667
4,10000,10,t,00:00:00.000481
4,10000,10,t,00:00:00.000473
4,10000,10,t,00:00:00.000471
4,10000,10,t,00:00:00.000507
4,10000,10,t,00:00:00.000477
4,10000,10,t,00:00:00.000472
4,10000,10,t,00:00:00.000469
4,10000,10,t,00:00:00.00047
4,10000,10,t,00:00:00.00047
5,10000,10,t,00:00:00.000835
5,10000,10,t,00:00:00.000693
5,10000,10,t,00:00:00.00071
5,10000,10,t,00:00:00.00065
5,10000,10,t,00:00:00.000641
5,10000,10,t,00:00:00.000646
5,10000,10,t,00:00:00.00064
5,10000,10,t,00:00:00.00068
5,10000,10,t,00:00:00.000645
5,10000,10,t,00:00:00.000641
6,10000,10,t,00:00:00.001026
6,10000,10,t,00:00:00.000834
6,10000,10,t,00:00:00.000871
6,10000,10,t,00:00:00.00083
6,10000,10,t,00:00:00.000823
6,10000,10,t,00:00:00.000825
6,10000,10,t,00:00:00.000824
6,10000,10,t,00:00:00.000868
6,10000,10,t,00:00:00.000828
6,10000,10,t,00:00:00.000824
7,10000,10,t,00:00:00.001268
7,10000,10,t,00:00:00.001106
7,10000,10,t,00:00:00.001056
7,10000,10,t,00:00:00.001051
7,10000,10,t,00:00:00.00105
7,10000,10,t,00:00:00.00109
7,10000,10,t,00:00:00.00105
7,10000,10,t,00:00:00.001053
7,10000,10,t,00:00:00.001092
7,10000,10,t,00:00:00.001056
8,10000,10,t,00:00:00.001506
8,10000,10,t,00:00:00.001336
8,10000,10,t,00:00:00.001397
8,10000,10,t,00:00:00.001306
8,10000,10,t,00:00:00.001326
8,10000,10,t,00:00:00.001341
8,10000,10,t,00:00:00.001311
8,10000,10,t,00:00:00.001325
8,10000,10,t,00:00:00.001309
8,10000,10,t,00:00:00.001307
9,10000,10,t,00:00:00.001641
9,10000,10,t,00:00:00.00142
9,10000,10,t,00:00:00.001418
9,10000,10,t,00:00:00.001465
9,10000,10,t,00:00:00.001422
9,10000,10,t,00:00:00.001413
9,10000,10,t,00:00:00.001432
9,10000,10,t,00:00:00.00145
9,10000,10,t,00:00:00.001432
9,10000,10,t,00:00:00.001419
10,10000,10,t,00:00:00.001754
10,10000,10,t,00:00:00.001581
10,10000,10,t,00:00:00.00156
10,10000,10,t,00:00:00.001575
10,10000,10,t,00:00:00.001554
10,10000,10,t,00:00:00.001556
10,10000,10,t,00:00:00.001575
10,10000,10,t,00:00:00.00155
10,10000,10,t,00:00:00.001567
10,10000,10,t,00:00:00.001554
11,10000,10,t,00:00:00.001949
11,10000,10,t,00:00:00.001747
11,10000,10,t,00:00:00.001721
11,10000,10,t,00:00:00.001781
11,10000,10,t,00:00:00.001719
11,10000,10,t,00:00:00.001736
11,10000,10,t,00:00:00.001717
11,10000,10,t,00:00:00.00172
11,10000,10,t,00:00:00.001739
11,10000,10,t,00:00:00.001718
12,10000,10,t,00:00:00.002157
12,10000,10,t,00:00:00.001904
12,10000,10,t,00:00:00.001925
12,10000,10,t,00:00:00.001946
12,10000,10,t,00:00:00.001924
12,10000,10,t,00:00:00.001896
12,10000,10,t,00:00:00.00192
12,10000,10,t,00:00:00.001927
12,10000,10,t,00:00:00.001923
12,10000,10,t,00:00:00.001905
13,10000,10,t,00:00:00.002385
13,10000,10,t,00:00:00.002106
13,10000,10,t,00:00:00.002128
13,10000,10,t,00:00:00.0021
13,10000,10,t,00:00:00.002121
13,10000,10,t,00:00:00.002095
13,10000,10,t,00:00:00.002118
13,10000,10,t,00:00:00.00212
13,10000,10,t,00:00:00.002104
13,10000,10,t,00:00:00.00212
14,10000,10,t,00:00:00.002567
14,10000,10,t,00:00:00.002367
14,10000,10,t,00:00:00.002333
14,10000,10,t,00:00:00.002347
14,10000,10,t,00:00:00.002353
14,10000,10,t,00:00:00.00233
14,10000,10,t,00:00:00.00243
14,10000,10,t,00:00:00.002336
14,10000,10,t,00:00:00.002352
14,10000,10,t,00:00:00.002401
15,10000,10,t,00:00:00.002935
15,10000,10,t,00:00:00.002639
15,10000,10,t,00:00:00.002643
15,10000,10,t,00:00:00.002601
15,10000,10,t,00:00:00.002707
15,10000,10,t,00:00:00.002641
15,10000,10,t,00:00:00.002597
15,10000,10,t,00:00:00.002644
15,10000,10,t,00:00:00.002636
15,10000,10,t,00:00:00.002591
16,10000,10,t,00:00:00.002978
16,10000,10,t,00:00:00.00276
16,10000,10,t,00:00:00.002717
16,10000,10,t,00:00:00.002828
16,10000,10,t,00:00:00.002749
16,10000,10,t,00:00:00.002783
16,10000,10,t,00:00:00.00272
16,10000,10,t,00:00:00.002757
16,10000,10,t,00:00:00.002788
16,10000,10,t,00:00:00.00271
17,10000,10,t,00:00:00.003238
17,10000,10,t,00:00:00.002933
17,10000,10,t,00:00:00.003005
17,10000,10,t,00:00:00.002878
17,10000,10,t,00:00:00.00292
17,10000,10,t,00:00:00.002902
17,10000,10,t,00:00:00.002901
17,10000,10,t,00:00:00.002877
17,10000,10,t,00:00:00.002901
17,10000,10,t,00:00:00.002971
18,10000,10,t,00:00:00.003321
18,10000,10,t,00:00:00.003062
18,10000,10,t,00:00:00.003149
18,10000,10,t,00:00:00.003086
18,10000,10,t,00:00:00.003083
18,10000,10,t,00:00:00.00306
18,10000,10,t,00:00:00.003084
18,10000,10,t,00:00:00.003076
18,10000,10,t,00:00:00.003085
18,10000,10,t,00:00:00.003084
19,10000,10,t,00:00:00.003574
19,10000,10,t,00:00:00.003312
19,10000,10,t,00:00:00.003283
19,10000,10,t,00:00:00.003283
19,10000,10,t,00:00:00.003284
19,10000,10,t,00:00:00.00328
19,10000,10,t,00:00:00.003254
19,10000,10,t,00:00:00.003335
19,10000,10,t,00:00:00.003305
19,10000,10,t,00:00:00.003301
20,10000,10,t,00:00:00.003826
20,10000,10,t,00:00:00.003556
20,10000,10,t,00:00:00.003512
20,10000,10,t,00:00:00.003523
20,10000,10,t,00:00:00.003486
20,10000,10,t,00:00:00.003506
20,10000,10,t,00:00:00.003507
20,10000,10,t,00:00:00.003506
20,10000,10,t,00:00:00.003506
20,10000,10,t,00:00:00.003563
21,10000,10,t,00:00:00.004087
21,10000,10,t,00:00:00.003821
21,10000,10,t,00:00:00.003779
21,10000,10,t,00:00:00.003765
21,10000,10,t,00:00:00.003908
21,10000,10,t,00:00:00.003784
21,10000,10,t,00:00:00.003804
21,10000,10,t,00:00:00.003799
21,10000,10,t,00:00:00.003789
21,10000,10,t,00:00:00.003815
22,10000,10,t,00:00:00.004374
22,10000,10,t,00:00:00.004075
22,10000,10,t,00:00:00.004075
22,10000,10,t,00:00:00.004141
22,10000,10,t,00:00:00.004129
22,10000,10,t,00:00:00.004095
22,10000,10,t,00:00:00.004128
22,10000,10,t,00:00:00.0041
22,10000,10,t,00:00:00.004075
22,10000,10,t,00:00:00.005042
23,10000,10,t,00:00:00.005112
23,10000,10,t,00:00:00.004274
23,10000,10,t,00:00:00.004226
23,10000,10,t,00:00:00.00424
23,10000,10,t,00:00:00.004217
23,10000,10,t,00:00:00.004251
23,10000,10,t,00:00:00.004222
23,10000,10,t,00:00:00.004204
23,10000,10,t,00:00:00.004261
23,10000,10,t,00:00:00.004244
24,10000,10,t,00:00:00.004654
24,10000,10,t,00:00:00.00437
24,10000,10,t,00:00:00.004378
24,10000,10,t,00:00:00.004375
24,10000,10,t,00:00:00.004376
24,10000,10,t,00:00:00.004371
24,10000,10,t,00:00:00.004369
24,10000,10,t,00:00:00.004427
24,10000,10,t,00:00:00.004414
24,10000,10,t,00:00:00.004413
25,10000,10,t,00:00:00.00486
25,10000,10,t,00:00:00.004614
25,10000,10,t,00:00:00.004561
25,10000,10,t,00:00:00.004562
25,10000,10,t,00:00:00.004569
25,10000,10,t,00:00:00.004556
25,10000,10,t,00:00:00.004564
25,10000,10,t,00:00:00.004611
25,10000,10,t,00:00:00.004625
25,10000,10,t,00:00:00.00456
26,10000,10,t,00:00:00.005126
26,10000,10,t,00:00:00.004826
26,10000,10,t,00:00:00.004804
26,10000,10,t,00:00:00.004836
26,10000,10,t,00:00:00.004852
26,10000,10,t,00:00:00.004831
26,10000,10,t,00:00:00.004821
26,10000,10,t,00:00:00.00495
26,10000,10,t,00:00:00.004864
26,10000,10,t,00:00:00.004832
27,10000,10,t,00:00:00.005395
27,10000,10,t,00:00:00.005089
27,10000,10,t,00:00:00.005044
27,10000,10,t,00:00:00.005027
27,10000,10,t,00:00:00.005042
27,10000,10,t,00:00:00.005037
27,10000,10,t,00:00:00.005075
27,10000,10,t,00:00:00.005023
27,10000,10,t,00:00:00.005074
27,10000,10,t,00:00:00.005046
28,10000,10,t,00:00:00.005615
28,10000,10,t,00:00:00.005363
28,10000,10,t,00:00:00.005325
28,10000,10,t,00:00:00.005313
28,10000,10,t,00:00:00.005328
28,10000,10,t,00:00:00.005313
28,10000,10,t,00:00:00.005314
28,10000,10,t,00:00:00.005414
28,10000,10,t,00:00:00.005316
28,10000,10,t,00:00:00.005377
29,10000,10,t,00:00:00.005964
29,10000,10,t,00:00:00.005645
29,10000,10,t,00:00:00.005651
29,10000,10,t,00:00:00.005767
29,10000,10,t,00:00:00.005709
29,10000,10,t,00:00:00.005667
29,10000,10,t,00:00:00.00574
29,10000,10,t,00:00:00.005671
29,10000,10,t,00:00:00.005764
29,10000,10,t,00:00:00.005686
30,10000,10,t,00:00:00.006101
30,10000,10,t,00:00:00.005839
30,10000,10,t,00:00:00.005785
30,10000,10,t,00:00:00.005797
30,10000,10,t,00:00:00.005852
30,10000,10,t,00:00:00.005825
30,10000,10,t,00:00:00.005931
30,10000,10,t,00:00:00.005808
30,10000,10,t,00:00:00.005835
30,10000,10,t,00:00:00.005789
31,10000,10,t,00:00:00.006291
31,10000,10,t,00:00:00.005955
31,10000,10,t,00:00:00.006118
31,10000,10,t,00:00:00.006027
31,10000,10,t,00:00:00.005968
31,10000,10,t,00:00:00.006013
31,10000,10,t,00:00:00.005965
31,10000,10,t,00:00:00.005948
31,10000,10,t,00:00:00.005967
31,10000,10,t,00:00:00.005961
32,10000,10,t,00:00:00.006533
32,10000,10,t,00:00:00.006249
32,10000,10,t,00:00:00.006179
32,10000,10,t,00:00:00.006225
32,10000,10,t,00:00:00.006226
32,10000,10,t,00:00:00.006494
32,10000,10,t,00:00:00.00618
32,10000,10,t,00:00:00.006192
32,10000,10,t,00:00:00.006233
32,10000,10,t,00:00:00.006304
33,10000,10,t,00:00:00.006923
33,10000,10,t,00:00:00.006527
33,10000,10,t,00:00:00.006486
33,10000,10,t,00:00:00.006507
33,10000,10,t,00:00:00.006477
33,10000,10,t,00:00:00.006514
33,10000,10,t,00:00:00.006525
33,10000,10,t,00:00:00.0065
33,10000,10,t,00:00:00.006558
33,10000,10,t,00:00:00.00652
34,10000,10,t,00:00:00.007035
34,10000,10,t,00:00:00.006737
34,10000,10,t,00:00:00.006781
34,10000,10,t,00:00:00.006733
34,10000,10,t,00:00:00.00673
34,10000,10,t,00:00:00.006824
34,10000,10,t,00:00:00.006739
34,10000,10,t,00:00:00.006768
34,10000,10,t,00:00:00.006761
34,10000,10,t,00:00:00.00674
35,10000,10,t,00:00:00.007438
35,10000,10,t,00:00:00.007081
35,10000,10,t,00:00:00.007156
35,10000,10,t,00:00:00.007142
35,10000,10,t,00:00:00.007194
35,10000,10,t,00:00:00.007356
35,10000,10,t,00:00:00.007157
35,10000,10,t,00:00:00.007107
35,10000,10,t,00:00:00.007082
35,10000,10,t,00:00:00.007155
36,10000,10,t,00:00:00.007879
36,10000,10,t,00:00:00.007655
36,10000,10,t,00:00:00.007431
36,10000,10,t,00:00:00.007469
36,10000,10,t,00:00:00.007504
36,10000,10,t,00:00:00.007601
36,10000,10,t,00:00:00.007472
36,10000,10,t,00:00:00.007509
36,10000,10,t,00:00:00.007498
36,10000,10,t,00:00:00.007433
37,10000,10,t,00:00:00.008022
37,10000,10,t,00:00:00.007685
37,10000,10,t,00:00:00.007669
37,10000,10,t,00:00:00.00759
37,10000,10,t,00:00:00.007647
37,10000,10,t,00:00:00.007581
37,10000,10,t,00:00:00.007636
37,10000,10,t,00:00:00.007582
37,10000,10,t,00:00:00.00766
37,10000,10,t,00:00:00.007607
38,10000,10,t,00:00:00.008102
38,10000,10,t,00:00:00.007799
38,10000,10,t,00:00:00.007785
38,10000,10,t,00:00:00.007786
38,10000,10,t,00:00:00.007844
38,10000,10,t,00:00:00.00785
38,10000,10,t,00:00:00.007824
38,10000,10,t,00:00:00.007872
38,10000,10,t,00:00:00.007868
38,10000,10,t,00:00:00.007888
39,10000,10,t,00:00:00.008414
39,10000,10,t,00:00:00.008188
39,10000,10,t,00:00:00.0081
39,10000,10,t,00:00:00.008067
39,10000,10,t,00:00:00.008285
39,10000,10,t,00:00:00.008054
39,10000,10,t,00:00:00.008047
39,10000,10,t,00:00:00.008098
39,10000,10,t,00:00:00.008043
39,10000,10,t,00:00:00.008073
40,10000,10,t,00:00:00.008661
40,10000,10,t,00:00:00.008303
40,10000,10,t,00:00:00.008282
40,10000,10,t,00:00:00.008324
40,10000,10,t,00:00:00.008343
40,10000,10,t,00:00:00.008293
40,10000,10,t,00:00:00.008322
40,10000,10,t,00:00:00.008289
40,10000,10,t,00:00:00.008294
40,10000,10,t,00:00:00.008369
41,10000,10,t,00:00:00.008961
41,10000,10,t,00:00:00.008789
41,10000,10,t,00:00:00.008747
41,10000,10,t,00:00:00.008674
41,10000,10,t,00:00:00.008683
41,10000,10,t,00:00:00.008735
41,10000,10,t,00:00:00.008677
41,10000,10,t,00:00:00.008637
41,10000,10,t,00:00:00.008611
41,10000,10,t,00:00:00.008571
42,10000,10,t,00:00:00.0092
42,10000,10,t,00:00:00.009235
42,10000,10,t,00:00:00.012139
42,10000,10,t,00:00:00.01015
42,10000,10,t,00:00:00.009288
42,10000,10,t,00:00:00.009439
42,10000,10,t,00:00:00.011546
42,10000,10,t,00:00:00.009363
42,10000,10,t,00:00:00.009169
42,10000,10,t,00:00:00.025754
43,10000,10,t,00:00:00.01096
43,10000,10,t,00:00:00.009653
43,10000,10,t,00:00:00.009357
43,10000,10,t,00:00:00.009551
43,10000,10,t,00:00:00.009407
43,10000,10,t,00:00:00.010548
43,10000,10,t,00:00:00.009466
43,10000,10,t,00:00:00.009412
43,10000,10,t,00:00:00.0094
43,10000,10,t,00:00:00.009329
44,10000,10,t,00:00:00.009824
44,10000,10,t,00:00:00.009531
44,10000,10,t,00:00:00.009821
44,10000,10,t,00:00:00.009582
44,10000,10,t,00:00:00.009623
44,10000,10,t,00:00:00.009675
44,10000,10,t,00:00:00.00965
44,10000,10,t,00:00:00.015195
44,10000,10,t,00:00:00.010075
44,10000,10,t,00:00:00.009648
45,10000,10,t,00:00:00.013721
45,10000,10,t,00:00:00.009788
45,10000,10,t,00:00:00.010095
45,10000,10,t,00:00:00.009771
45,10000,10,t,00:00:00.009962
45,10000,10,t,00:00:00.009858
45,10000,10,t,00:00:00.009799
45,10000,10,t,00:00:00.010179
45,10000,10,t,00:00:00.009736
45,10000,10,t,00:00:00.01026
46,10000,10,t,00:00:00.010351
46,10000,10,t,00:00:00.010239
46,10000,10,t,00:00:00.009927
46,10000,10,t,00:00:00.010277
46,10000,10,t,00:00:00.009969
46,10000,10,t,00:00:00.010287
46,10000,10,t,00:00:00.009943
46,10000,10,t,00:00:00.010328
46,10000,10,t,00:00:00.010004
46,10000,10,t,00:00:00.009976
47,10000,10,t,00:00:00.011145
47,10000,10,t,00:00:00.010407
47,10000,10,t,00:00:00.010536
47,10000,10,t,00:00:00.010437
47,10000,10,t,00:00:00.010823
47,10000,10,t,00:00:00.010679
47,10000,10,t,00:00:00.010501
47,10000,10,t,00:00:00.010702
47,10000,10,t,00:00:00.010834
47,10000,10,t,00:00:00.01058
48,10000,10,t,00:00:00.011395
48,10000,10,t,00:00:00.010764
48,10000,10,t,00:00:00.011424
48,10000,10,t,00:00:00.010746
48,10000,10,t,00:00:00.010815
48,10000,10,t,00:00:00.010542
48,10000,10,t,00:00:00.010667
48,10000,10,t,00:00:00.010614
48,10000,10,t,00:00:00.010725
48,10000,10,t,00:00:00.010671
49,10000,10,t,00:00:00.011613
49,10000,10,t,00:00:00.010914
49,10000,10,t,00:00:00.011169
49,10000,10,t,00:00:00.018452
49,10000,10,t,00:00:00.029002
49,10000,10,t,00:00:00.018002
49,10000,10,t,00:00:00.011912
49,10000,10,t,00:00:00.011434
49,10000,10,t,00:00:00.011376
49,10000,10,t,00:00:00.011042
50,10000,10,t,00:00:00.012077
50,10000,10,t,00:00:00.011702
50,10000,10,t,00:00:00.011512
50,10000,10,t,00:00:00.011877
50,10000,10,t,00:00:00.011645
50,10000,10,t,00:00:00.011821
50,10000,10,t,00:00:00.011444
50,10000,10,t,00:00:00.018731
50,10000,10,t,00:00:00.020952
50,10000,10,t,00:00:00.021194
51,10000,10,t,00:00:00.014165
51,10000,10,t,00:00:00.012289
51,10000,10,t,00:00:00.012242
51,10000,10,t,00:00:00.011928
51,10000,10,t,00:00:00.011817
51,10000,10,t,00:00:00.0116
51,10000,10,t,00:00:00.011747
51,10000,10,t,00:00:00.011631
51,10000,10,t,00:00:00.011835
51,10000,10,t,00:00:00.011511
52,10000,10,t,00:00:00.012593
52,10000,10,t,00:00:00.01399
52,10000,10,t,00:00:00.013426
52,10000,10,t,00:00:00.01276
52,10000,10,t,00:00:00.013265
52,10000,10,t,00:00:00.012514
52,10000,10,t,00:00:00.011989
52,10000,10,t,00:00:00.011884
52,10000,10,t,00:00:00.016113
52,10000,10,t,00:00:00.020152
53,10000,10,t,00:00:00.095047
53,10000,10,t,00:00:00.016237
53,10000,10,t,00:00:00.012357
53,10000,10,t,00:00:00.016613
53,10000,10,t,00:00:00.019739
53,10000,10,t,00:00:00.013279
53,10000,10,t,00:00:00.012696
53,10000,10,t,00:00:00.012372
53,10000,10,t,00:00:00.012306
53,10000,10,t,00:00:00.016181
54,10000,10,t,00:00:00.013534
54,10000,10,t,00:00:00.012627
54,10000,10,t,00:00:00.012616
54,10000,10,t,00:00:00.01284
54,10000,10,t,00:00:00.012631
54,10000,10,t,00:00:00.0125
54,10000,10,t,00:00:00.015874
54,10000,10,t,00:00:00.013083
54,10000,10,t,00:00:00.01249
54,10000,10,t,00:00:00.012675
55,10000,10,t,00:00:00.013633
55,10000,10,t,00:00:00.01291
55,10000,10,t,00:00:00.013698
55,10000,10,t,00:00:00.012923
55,10000,10,t,00:00:00.016342
55,10000,10,t,00:00:00.01495
55,10000,10,t,00:00:00.013275
55,10000,10,t,00:00:00.01289
55,10000,10,t,00:00:00.012972
55,10000,10,t,00:00:00.013689
56,10000,10,t,00:00:00.014048
56,10000,10,t,00:00:00.013555
56,10000,10,t,00:00:00.013315
56,10000,10,t,00:00:00.013999
56,10000,10,t,00:00:00.013258
56,10000,10,t,00:00:00.013642
56,10000,10,t,00:00:00.013433
56,10000,10,t,00:00:00.013754
56,10000,10,t,00:00:00.014257
56,10000,10,t,00:00:00.014346
57,10000,10,t,00:00:00.015288
57,10000,10,t,00:00:00.01473
57,10000,10,t,00:00:00.015028
57,10000,10,t,00:00:00.014916
57,10000,10,t,00:00:00.024158
57,10000,10,t,00:00:00.015309
57,10000,10,t,00:00:00.014421
57,10000,10,t,00:00:00.016134
57,10000,10,t,00:00:00.013997
57,10000,10,t,00:00:00.014011
58,10000,10,t,00:00:00.014401
58,10000,10,t,00:00:00.013829
58,10000,10,t,00:00:00.013886
58,10000,10,t,00:00:00.013784
58,10000,10,t,00:00:00.013972
58,10000,10,t,00:00:00.014173
58,10000,10,t,00:00:00.014437
58,10000,10,t,00:00:00.013835
58,10000,10,t,00:00:00.013773
58,10000,10,t,00:00:00.01371
59,10000,10,t,00:00:00.014435
59,10000,10,t,00:00:00.014285
59,10000,10,t,00:00:00.014725
59,10000,10,t,00:00:00.014724
59,10000,10,t,00:00:00.014847
59,10000,10,t,00:00:00.014779
59,10000,10,t,00:00:00.014312
59,10000,10,t,00:00:00.0144
59,10000,10,t,00:00:00.014107
59,10000,10,t,00:00:00.01429
60,10000,10,t,00:00:00.015216
60,10000,10,t,00:00:00.014942
60,10000,10,t,00:00:00.014429
60,10000,10,t,00:00:00.014336
60,10000,10,t,00:00:00.014278
60,10000,10,t,00:00:00.014325
60,10000,10,t,00:00:00.014275
60,10000,10,t,00:00:00.014302
60,10000,10,t,00:00:00.014314
60,10000,10,t,00:00:00.014267
61,10000,10,t,00:00:00.014875
61,10000,10,t,00:00:00.014582
61,10000,10,t,00:00:00.014631
61,10000,10,t,00:00:00.014568
61,10000,10,t,00:00:00.014886
61,10000,10,t,00:00:00.014908
61,10000,10,t,00:00:00.015158
61,10000,10,t,00:00:00.014935
61,10000,10,t,00:00:00.014772
61,10000,10,t,00:00:00.014727
62,10000,10,t,00:00:00.015595
62,10000,10,t,00:00:00.022899
62,10000,10,t,00:00:00.015672
62,10000,10,t,00:00:00.015044
62,10000,10,t,00:00:00.014996
62,10000,10,t,00:00:00.014957
62,10000,10,t,00:00:00.016228
62,10000,10,t,00:00:00.017453
62,10000,10,t,00:00:00.015828
62,10000,10,t,00:00:00.016114
63,10000,10,t,00:00:00.016749
63,10000,10,t,00:00:00.015753
63,10000,10,t,00:00:00.015633
63,10000,10,t,00:00:00.01568
63,10000,10,t,00:00:00.015532
63,10000,10,t,00:00:00.015466
63,10000,10,t,00:00:00.015808
63,10000,10,t,00:00:00.015822
63,10000,10,t,00:00:00.015799
63,10000,10,t,00:00:00.015789
64,10000,10,t,00:00:00.016698
64,10000,10,t,00:00:00.016285
64,10000,10,t,00:00:00.016583
64,10000,10,t,00:00:00.016736
64,10000,10,t,00:00:00.016771
64,10000,10,t,00:00:00.016304
64,10000,10,t,00:00:00.016286
64,10000,10,t,00:00:00.01657
64,10000,10,t,00:00:00.016656
64,10000,10,t,00:00:00.016233
65,10000,10,t,00:00:00.01696
65,10000,10,t,00:00:00.016991
65,10000,10,t,00:00:00.016405
65,10000,10,t,00:00:00.016378
65,10000,10,t,00:00:00.016458
65,10000,10,t,00:00:00.016425
65,10000,10,t,00:00:00.016797
65,10000,10,t,00:00:00.016765
65,10000,10,t,00:00:00.016646
65,10000,10,t,00:00:00.01646
66,10000,10,t,00:00:00.017497
66,10000,10,t,00:00:00.017109
66,10000,10,t,00:00:00.017215
66,10000,10,t,00:00:00.017104
66,10000,10,t,00:00:00.01712
66,10000,10,t,00:00:00.017027
66,10000,10,t,00:00:00.017228
66,10000,10,t,00:00:00.01687
66,10000,10,t,00:00:00.01747
66,10000,10,t,00:00:00.017175
67,10000,10,t,00:00:00.017546
67,10000,10,t,00:00:00.017043
67,10000,10,t,00:00:00.017397
67,10000,10,t,00:00:00.016892
67,10000,10,t,00:00:00.016766
67,10000,10,t,00:00:00.017081
67,10000,10,t,00:00:00.016906
67,10000,10,t,00:00:00.016739
67,10000,10,t,00:00:00.016896
67,10000,10,t,00:00:00.016999
68,10000,10,t,00:00:00.017998
68,10000,10,t,00:00:00.0175
68,10000,10,t,00:00:00.017697
68,10000,10,t,00:00:00.01736
68,10000,10,t,00:00:00.017302
68,10000,10,t,00:00:00.017211
68,10000,10,t,00:00:00.017219
68,10000,10,t,00:00:00.017454
68,10000,10,t,00:00:00.017393
68,10000,10,t,00:00:00.017285
69,10000,10,t,00:00:00.018128
69,10000,10,t,00:00:00.017709
69,10000,10,t,00:00:00.017758
69,10000,10,t,00:00:00.018122
69,10000,10,t,00:00:00.018218
69,10000,10,t,00:00:00.018363
69,10000,10,t,00:00:00.018373
69,10000,10,t,00:00:00.018119
69,10000,10,t,00:00:00.017824
69,10000,10,t,00:00:00.017732
70,10000,10,t,00:00:00.018966
70,10000,10,t,00:00:00.018641
70,10000,10,t,00:00:00.018404
70,10000,10,t,00:00:00.018146
70,10000,10,t,00:00:00.018039
70,10000,10,t,00:00:00.018842
70,10000,10,t,00:00:00.018654
70,10000,10,t,00:00:00.018641
70,10000,10,t,00:00:00.018415
70,10000,10,t,00:00:00.018643
71,10000,10,t,00:00:00.019069
71,10000,10,t,00:00:00.018853
71,10000,10,t,00:00:00.018924
71,10000,10,t,00:00:00.019317
71,10000,10,t,00:00:00.019127
71,10000,10,t,00:00:00.018841
71,10000,10,t,00:00:00.019542
71,10000,10,t,00:00:00.019538
71,10000,10,t,00:00:00.019558
71,10000,10,t,00:00:00.019201
72,10000,10,t,00:00:00.019594
72,10000,10,t,00:00:00.018996
72,10000,10,t,00:00:00.01892
72,10000,10,t,00:00:00.019137
72,10000,10,t,00:00:00.019442
72,10000,10,t,00:00:00.019266
72,10000,10,t,00:00:00.019015
72,10000,10,t,00:00:00.019126
72,10000,10,t,00:00:00.01965
72,10000,10,t,00:00:00.01979
73,10000,10,t,00:00:00.019948
73,10000,10,t,00:00:00.019332
73,10000,10,t,00:00:00.019348
73,10000,10,t,00:00:00.019462
73,10000,10,t,00:00:00.019573
73,10000,10,t,00:00:00.019318
73,10000,10,t,00:00:00.019563
73,10000,10,t,00:00:00.019559
73,10000,10,t,00:00:00.019355
73,10000,10,t,00:00:00.020291
74,10000,10,t,00:00:00.023023
74,10000,10,t,00:00:00.020453
74,10000,10,t,00:00:00.020818
74,10000,10,t,00:00:00.021574
74,10000,10,t,00:00:00.020634
74,10000,10,t,00:00:00.019917
74,10000,10,t,00:00:00.020046
74,10000,10,t,00:00:00.020835
74,10000,10,t,00:00:00.021101
74,10000,10,t,00:00:00.021572
75,10000,10,t,00:00:00.022435
75,10000,10,t,00:00:00.022982
75,10000,10,t,00:00:00.021783
75,10000,10,t,00:00:00.024469
75,10000,10,t,00:00:00.021768
75,10000,10,t,00:00:00.022422
75,10000,10,t,00:00:00.021991
75,10000,10,t,00:00:00.021819
75,10000,10,t,00:00:00.021524
75,10000,10,t,00:00:00.022086
76,10000,10,t,00:00:00.023095
76,10000,10,t,00:00:00.022925
76,10000,10,t,00:00:00.022992
76,10000,10,t,00:00:00.023086
76,10000,10,t,00:00:00.022956
76,10000,10,t,00:00:00.02199
76,10000,10,t,00:00:00.021653
76,10000,10,t,00:00:00.022201
76,10000,10,t,00:00:00.022121
76,10000,10,t,00:00:00.023109
77,10000,10,t,00:00:00.02374
77,10000,10,t,00:00:00.022708
77,10000,10,t,00:00:00.022374
77,10000,10,t,00:00:00.022518
77,10000,10,t,00:00:00.022484
77,10000,10,t,00:00:00.023093
77,10000,10,t,00:00:00.022583
77,10000,10,t,00:00:00.02174
77,10000,10,t,00:00:00.022131
77,10000,10,t,00:00:00.023178
78,10000,10,t,00:00:00.023722
78,10000,10,t,00:00:00.023522
78,10000,10,t,00:00:00.023312
78,10000,10,t,00:00:00.02299
78,10000,10,t,00:00:00.02302
78,10000,10,t,00:00:00.023377
78,10000,10,t,00:00:00.023597
78,10000,10,t,00:00:00.023145
78,10000,10,t,00:00:00.023609
78,10000,10,t,00:00:00.023689
79,10000,10,t,00:00:00.025033
79,10000,10,t,00:00:00.024888
79,10000,10,t,00:00:00.024497
79,10000,10,t,00:00:00.024007
79,10000,10,t,00:00:00.024043
79,10000,10,t,00:00:00.024495
79,10000,10,t,00:00:00.024334
79,10000,10,t,00:00:00.024312
79,10000,10,t,00:00:00.024206
79,10000,10,t,00:00:00.02336
80,10000,10,t,00:00:00.024254
80,10000,10,t,00:00:00.024065
80,10000,10,t,00:00:00.023442
80,10000,10,t,00:00:00.023214
80,10000,10,t,00:00:00.023061
80,10000,10,t,00:00:00.023478
80,10000,10,t,00:00:00.023974
80,10000,10,t,00:00:00.024249
80,10000,10,t,00:00:00.023435
80,10000,10,t,00:00:00.022986
81,10000,10,t,00:00:00.023293
81,10000,10,t,00:00:00.023227
81,10000,10,t,00:00:00.023187
81,10000,10,t,00:00:00.023134
81,10000,10,t,00:00:00.023476
81,10000,10,t,00:00:00.023731
81,10000,10,t,00:00:00.024627
81,10000,10,t,00:00:00.024439
81,10000,10,t,00:00:00.02376
81,10000,10,t,00:00:00.022869
82,10000,10,t,00:00:00.023962
82,10000,10,t,00:00:00.024026
82,10000,10,t,00:00:00.023782
82,10000,10,t,00:00:00.023478
82,10000,10,t,00:00:00.023965
82,10000,10,t,00:00:00.025089
82,10000,10,t,00:00:00.028275
82,10000,10,t,00:00:00.025223
82,10000,10,t,00:00:00.02415
82,10000,10,t,00:00:00.023735
83,10000,10,t,00:00:00.024458
83,10000,10,t,00:00:00.024354
83,10000,10,t,00:00:00.02383
83,10000,10,t,00:00:00.024756
83,10000,10,t,00:00:00.025894
83,10000,10,t,00:00:00.025184
83,10000,10,t,00:00:00.024507
83,10000,10,t,00:00:00.024533
83,10000,10,t,00:00:00.025084
83,10000,10,t,00:00:00.024422
84,10000,10,t,00:00:00.025427
84,10000,10,t,00:00:00.024891
84,10000,10,t,00:00:00.02597
84,10000,10,t,00:00:00.026135
84,10000,10,t,00:00:00.025445
84,10000,10,t,00:00:00.024916
84,10000,10,t,00:00:00.025407
84,10000,10,t,00:00:00.024785
84,10000,10,t,00:00:00.024969
84,10000,10,t,00:00:00.024859
85,10000,10,t,00:00:00.026006
85,10000,10,t,00:00:00.026121
85,10000,10,t,00:00:00.025765
85,10000,10,t,00:00:00.025859
85,10000,10,t,00:00:00.025549
85,10000,10,t,00:00:00.025322
85,10000,10,t,00:00:00.025535
85,10000,10,t,00:00:00.025386
85,10000,10,t,00:00:00.025099
85,10000,10,t,00:00:00.025492
86,10000,10,t,00:00:00.026749
86,10000,10,t,00:00:00.026312
86,10000,10,t,00:00:00.02612
86,10000,10,t,00:00:00.026236
86,10000,10,t,00:00:00.025869
86,10000,10,t,00:00:00.027682
86,10000,10,t,00:00:00.02686
86,10000,10,t,00:00:00.026572
86,10000,10,t,00:00:00.026663
86,10000,10,t,00:00:00.026514
87,10000,10,t,00:00:00.026753
87,10000,10,t,00:00:00.02615
87,10000,10,t,00:00:00.027024
87,10000,10,t,00:00:00.027218
87,10000,10,t,00:00:00.026978
87,10000,10,t,00:00:00.026963
87,10000,10,t,00:00:00.027783
87,10000,10,t,00:00:00.027477
87,10000,10,t,00:00:00.02707
87,10000,10,t,00:00:00.027007
88,10000,10,t,00:00:00.028312
88,10000,10,t,00:00:00.031521
88,10000,10,t,00:00:00.031095
88,10000,10,t,00:00:00.031025
88,10000,10,t,00:00:00.031569
88,10000,10,t,00:00:00.031086
88,10000,10,t,00:00:00.031272
88,10000,10,t,00:00:00.03154
88,10000,10,t,00:00:00.031336
88,10000,10,t,00:00:00.030866
89,10000,10,t,00:00:00.031548
89,10000,10,t,00:00:00.032272
89,10000,10,t,00:00:00.03261
89,10000,10,t,00:00:00.032752
89,10000,10,t,00:00:00.033215
89,10000,10,t,00:00:00.033079
89,10000,10,t,00:00:00.03271
89,10000,10,t,00:00:00.032772
89,10000,10,t,00:00:00.032181
89,10000,10,t,00:00:00.033194
90,10000,10,t,00:00:00.032681
90,10000,10,t,00:00:00.032644
90,10000,10,t,00:00:00.032266
90,10000,10,t,00:00:00.032082
90,10000,10,t,00:00:00.032972
90,10000,10,t,00:00:00.032292
90,10000,10,t,00:00:00.031709
90,10000,10,t,00:00:00.03132
90,10000,10,t,00:00:00.031523
90,10000,10,t,00:00:00.031993
91,10000,10,t,00:00:00.032599
91,10000,10,t,00:00:00.029368
91,10000,10,t,00:00:00.029471
91,10000,10,t,00:00:00.029129
91,10000,10,t,00:00:00.029235
91,10000,10,t,00:00:00.028741
91,10000,10,t,00:00:00.028302
91,10000,10,t,00:00:00.028526
91,10000,10,t,00:00:00.028801
91,10000,10,t,00:00:00.029596
92,10000,10,t,00:00:00.029959
92,10000,10,t,00:00:00.029317
92,10000,10,t,00:00:00.029485
92,10000,10,t,00:00:00.029261
92,10000,10,t,00:00:00.029992
92,10000,10,t,00:00:00.029126
92,10000,10,t,00:00:00.029585
92,10000,10,t,00:00:00.029597
92,10000,10,t,00:00:00.029547
92,10000,10,t,00:00:00.029042
93,10000,10,t,00:00:00.03015
93,10000,10,t,00:00:00.029861
93,10000,10,t,00:00:00.029405
93,10000,10,t,00:00:00.030191
93,10000,10,t,00:00:00.030722
93,10000,10,t,00:00:00.030377
93,10000,10,t,00:00:00.03086
93,10000,10,t,00:00:00.030598
93,10000,10,t,00:00:00.030916
93,10000,10,t,00:00:00.030815
94,10000,10,t,00:00:00.032685
94,10000,10,t,00:00:00.034059
94,10000,10,t,00:00:00.030896
94,10000,10,t,00:00:00.030975
94,10000,10,t,00:00:00.031236
94,10000,10,t,00:00:00.03105
94,10000,10,t,00:00:00.030891
94,10000,10,t,00:00:00.030975
94,10000,10,t,00:00:00.031057
94,10000,10,t,00:00:00.031394
95,10000,10,t,00:00:00.031956
95,10000,10,t,00:00:00.031203
95,10000,10,t,00:00:00.031829
95,10000,10,t,00:00:00.031909
95,10000,10,t,00:00:00.031653
95,10000,10,t,00:00:00.032069
95,10000,10,t,00:00:00.031533
95,10000,10,t,00:00:00.030786
95,10000,10,t,00:00:00.030593
95,10000,10,t,00:00:00.030758
96,10000,10,t,00:00:00.03274
96,10000,10,t,00:00:00.03277
96,10000,10,t,00:00:00.032252
96,10000,10,t,00:00:00.031906
96,10000,10,t,00:00:00.034008
96,10000,10,t,00:00:00.032414
96,10000,10,t,00:00:00.033058
96,10000,10,t,00:00:00.031998
96,10000,10,t,00:00:00.032491
96,10000,10,t,00:00:00.033148
97,10000,10,t,00:00:00.033261
97,10000,10,t,00:00:00.033219
97,10000,10,t,00:00:00.032939
97,10000,10,t,00:00:00.032835
97,10000,10,t,00:00:00.032708
97,10000,10,t,00:00:00.033774
97,10000,10,t,00:00:00.03344
97,10000,10,t,00:00:00.033585
97,10000,10,t,00:00:00.033299
97,10000,10,t,00:00:00.033677
98,10000,10,t,00:00:00.03469
98,10000,10,t,00:00:00.034152
98,10000,10,t,00:00:00.034492
98,10000,10,t,00:00:00.033608
98,10000,10,t,00:00:00.033324
98,10000,10,t,00:00:00.033875
98,10000,10,t,00:00:00.03409
98,10000,10,t,00:00:00.033317
98,10000,10,t,00:00:00.033354
98,10000,10,t,00:00:00.033368
99,10000,10,t,00:00:00.034059
99,10000,10,t,00:00:00.033972
99,10000,10,t,00:00:00.033644
99,10000,10,t,00:00:00.03376
99,10000,10,t,00:00:00.062729
99,10000,10,t,00:00:00.064529
99,10000,10,t,00:00:00.034324
99,10000,10,t,00:00:00.034294
99,10000,10,t,00:00:00.034091
99,10000,10,t,00:00:00.034748
100,10000,10,t,00:00:00.035469
100,10000,10,t,00:00:00.03476
100,10000,10,t,00:00:00.034768
100,10000,10,t,00:00:00.034285
100,10000,10,t,00:00:00.033981
100,10000,10,t,00:00:00.034612
100,10000,10,t,00:00:00.035253
100,10000,10,t,00:00:00.035405
100,10000,10,t,00:00:00.035076
100,10000,10,t,00:00:00.034684
101,10000,10,t,00:00:00.035539
101,10000,10,t,00:00:00.035409
101,10000,10,t,00:00:00.03554
101,10000,10,t,00:00:00.035472
101,10000,10,t,00:00:00.035023
101,10000,10,t,00:00:00.034811
101,10000,10,t,00:00:00.034504
101,10000,10,t,00:00:00.034408
101,10000,10,t,00:00:00.035311
101,10000,10,t,00:00:00.035048
102,10000,10,t,00:00:00.035742
102,10000,10,t,00:00:00.036867
102,10000,10,t,00:00:00.035066
102,10000,10,t,00:00:00.035488
102,10000,10,t,00:00:00.035415
102,10000,10,t,00:00:00.035159
102,10000,10,t,00:00:00.035221
102,10000,10,t,00:00:00.035173
102,10000,10,t,00:00:00.034909
102,10000,10,t,00:00:00.035721
103,10000,10,t,00:00:00.036704
103,10000,10,t,00:00:00.036758
103,10000,10,t,00:00:00.036969
103,10000,10,t,00:00:00.036734
103,10000,10,t,00:00:00.037136
103,10000,10,t,00:00:00.036461
103,10000,10,t,00:00:00.036713
103,10000,10,t,00:00:00.037188
103,10000,10,t,00:00:00.03703
103,10000,10,t,00:00:00.036907
104,10000,10,t,00:00:00.03773
104,10000,10,t,00:00:00.037087
104,10000,10,t,00:00:00.037281
104,10000,10,t,00:00:00.038417
104,10000,10,t,00:00:00.038311
104,10000,10,t,00:00:00.03781
104,10000,10,t,00:00:00.037645
104,10000,10,t,00:00:00.037869
104,10000,10,t,00:00:00.03762
104,10000,10,t,00:00:00.038207
105,10000,10,t,00:00:00.038438
105,10000,10,t,00:00:00.037988
105,10000,10,t,00:00:00.03813
105,10000,10,t,00:00:00.037883
105,10000,10,t,00:00:00.037963
105,10000,10,t,00:00:00.038217
105,10000,10,t,00:00:00.037786
105,10000,10,t,00:00:00.03772
105,10000,10,t,00:00:00.037831
105,10000,10,t,00:00:00.038038
106,10000,10,t,00:00:00.039835
106,10000,10,t,00:00:00.039048
106,10000,10,t,00:00:00.038873
106,10000,10,t,00:00:00.039117
106,10000,10,t,00:00:00.039052
106,10000,10,t,00:00:00.0391
106,10000,10,t,00:00:00.039255
106,10000,10,t,00:00:00.038994
106,10000,10,t,00:00:00.039195
106,10000,10,t,00:00:00.038845
107,10000,10,t,00:00:00.039368
107,10000,10,t,00:00:00.038828
107,10000,10,t,00:00:00.039072
107,10000,10,t,00:00:00.03852
107,10000,10,t,00:00:00.040681
107,10000,10,t,00:00:00.039046
107,10000,10,t,00:00:00.039745
107,10000,10,t,00:00:00.039574
107,10000,10,t,00:00:00.039226
107,10000,10,t,00:00:00.039297
108,10000,10,t,00:00:00.040757
108,10000,10,t,00:00:00.044851
108,10000,10,t,00:00:00.051983
108,10000,10,t,00:00:00.039592
108,10000,10,t,00:00:00.038933
108,10000,10,t,00:00:00.039312
108,10000,10,t,00:00:00.040097
108,10000,10,t,00:00:00.043034
108,10000,10,t,00:00:00.039637
108,10000,10,t,00:00:00.042077
109,10000,10,t,00:00:00.039775
109,10000,10,t,00:00:00.038606
109,10000,10,t,00:00:00.039709
109,10000,10,t,00:00:00.039601
109,10000,10,t,00:00:00.039447
109,10000,10,t,00:00:00.039662
109,10000,10,t,00:00:00.038869
109,10000,10,t,00:00:00.039171
109,10000,10,t,00:00:00.039419
109,10000,10,t,00:00:00.039534
110,10000,10,t,00:00:00.0404
110,10000,10,t,00:00:00.040345
110,10000,10,t,00:00:00.04041
110,10000,10,t,00:00:00.04084
110,10000,10,t,00:00:00.040644
110,10000,10,t,00:00:00.040448
110,10000,10,t,00:00:00.040301
110,10000,10,t,00:00:00.039884
110,10000,10,t,00:00:00.039897
110,10000,10,t,00:00:00.040685
111,10000,10,t,00:00:00.041582
111,10000,10,t,00:00:00.041276
111,10000,10,t,00:00:00.040643
111,10000,10,t,00:00:00.040237
111,10000,10,t,00:00:00.041092
111,10000,10,t,00:00:00.041382
111,10000,10,t,00:00:00.041194
111,10000,10,t,00:00:00.041997
111,10000,10,t,00:00:00.041402
111,10000,10,t,00:00:00.040889
112,10000,10,t,00:00:00.042918
112,10000,10,t,00:00:00.0422
112,10000,10,t,00:00:00.04262
112,10000,10,t,00:00:00.070792
112,10000,10,t,00:00:00.042504
112,10000,10,t,00:00:00.043013
112,10000,10,t,00:00:00.042331
112,10000,10,t,00:00:00.04265
112,10000,10,t,00:00:00.042656
112,10000,10,t,00:00:00.042556
113,10000,10,t,00:00:00.04435
113,10000,10,t,00:00:00.043703
113,10000,10,t,00:00:00.043472
113,10000,10,t,00:00:00.0435
113,10000,10,t,00:00:00.043636
113,10000,10,t,00:00:00.044051
113,10000,10,t,00:00:00.044068
113,10000,10,t,00:00:00.043331
113,10000,10,t,00:00:00.04318
113,10000,10,t,00:00:00.044266
114,10000,10,t,00:00:00.043577
114,10000,10,t,00:00:00.043119
114,10000,10,t,00:00:00.043463
114,10000,10,t,00:00:00.04266
114,10000,10,t,00:00:00.043119
114,10000,10,t,00:00:00.044357
114,10000,10,t,00:00:00.043363
114,10000,10,t,00:00:00.043225
114,10000,10,t,00:00:00.043035
114,10000,10,t,00:00:00.04356
115,10000,10,t,00:00:00.044487
115,10000,10,t,00:00:00.04364
115,10000,10,t,00:00:00.043336
115,10000,10,t,00:00:00.043157
115,10000,10,t,00:00:00.043154
115,10000,10,t,00:00:00.043245
115,10000,10,t,00:00:00.042597
115,10000,10,t,00:00:00.043401
115,10000,10,t,00:00:00.043619
115,10000,10,t,00:00:00.043327
116,10000,10,t,00:00:00.045621
116,10000,10,t,00:00:00.044517
116,10000,10,t,00:00:00.04497
116,10000,10,t,00:00:00.045178
116,10000,10,t,00:00:00.044389
116,10000,10,t,00:00:00.045
116,10000,10,t,00:00:00.045239
116,10000,10,t,00:00:00.044933
116,10000,10,t,00:00:00.04617
116,10000,10,t,00:00:00.044643
117,10000,10,t,00:00:00.045393
117,10000,10,t,00:00:00.044343
117,10000,10,t,00:00:00.044929
117,10000,10,t,00:00:00.045429
117,10000,10,t,00:00:00.045342
117,10000,10,t,00:00:00.04507
117,10000,10,t,00:00:00.045272
117,10000,10,t,00:00:00.044741
117,10000,10,t,00:00:00.044557
117,10000,10,t,00:00:00.045994
118,10000,10,t,00:00:00.04577
118,10000,10,t,00:00:00.045424
118,10000,10,t,00:00:00.045523
118,10000,10,t,00:00:00.045732
118,10000,10,t,00:00:00.045754
118,10000,10,t,00:00:00.045564
118,10000,10,t,00:00:00.045396
118,10000,10,t,00:00:00.045395
118,10000,10,t,00:00:00.044906
118,10000,10,t,00:00:00.046209
119,10000,10,t,00:00:00.04672
119,10000,10,t,00:00:00.04647
119,10000,10,t,00:00:00.045857
119,10000,10,t,00:00:00.046679
119,10000,10,t,00:00:00.046751
119,10000,10,t,00:00:00.047515
119,10000,10,t,00:00:00.04867
119,10000,10,t,00:00:00.045717
119,10000,10,t,00:00:00.047511
119,10000,10,t,00:00:00.046661
120,10000,10,t,00:00:00.047205
120,10000,10,t,00:00:00.047609
120,10000,10,t,00:00:00.047683
120,10000,10,t,00:00:00.047891
120,10000,10,t,00:00:00.047527
120,10000,10,t,00:00:00.047601
120,10000,10,t,00:00:00.047694
120,10000,10,t,00:00:00.048006
120,10000,10,t,00:00:00.047318
120,10000,10,t,00:00:00.047055
121,10000,10,t,00:00:00.047978
121,10000,10,t,00:00:00.049774
121,10000,10,t,00:00:00.048823
121,10000,10,t,00:00:00.048456
121,10000,10,t,00:00:00.048845
121,10000,10,t,00:00:00.04879
121,10000,10,t,00:00:00.048289
121,10000,10,t,00:00:00.048486
121,10000,10,t,00:00:00.048312
121,10000,10,t,00:00:00.048347
122,10000,10,t,00:00:00.048737
122,10000,10,t,00:00:00.048754
122,10000,10,t,00:00:00.049382
122,10000,10,t,00:00:00.048596
122,10000,10,t,00:00:00.048519
122,10000,10,t,00:00:00.049014
122,10000,10,t,00:00:00.049022
122,10000,10,t,00:00:00.048689
122,10000,10,t,00:00:00.04833
122,10000,10,t,00:00:00.048645
123,10000,10,t,00:00:00.049038
123,10000,10,t,00:00:00.049515
123,10000,10,t,00:00:00.051386
123,10000,10,t,00:00:00.048518
123,10000,10,t,00:00:00.048564
123,10000,10,t,00:00:00.048937
123,10000,10,t,00:00:00.04886
123,10000,10,t,00:00:00.048402
123,10000,10,t,00:00:00.048295
123,10000,10,t,00:00:00.048905
124,10000,10,t,00:00:00.050662
124,10000,10,t,00:00:00.049399
124,10000,10,t,00:00:00.049345
124,10000,10,t,00:00:00.050327
124,10000,10,t,00:00:00.049899
124,10000,10,t,00:00:00.04923
124,10000,10,t,00:00:00.049417
124,10000,10,t,00:00:00.049228
124,10000,10,t,00:00:00.049897
124,10000,10,t,00:00:00.049725
125,10000,10,t,00:00:00.050535
125,10000,10,t,00:00:00.050124
125,10000,10,t,00:00:00.05282
125,10000,10,t,00:00:00.0503
125,10000,10,t,00:00:00.049893
125,10000,10,t,00:00:00.050063
125,10000,10,t,00:00:00.051059
125,10000,10,t,00:00:00.050956
125,10000,10,t,00:00:00.050283
125,10000,10,t,00:00:00.050554
126,10000,10,t,00:00:00.052671
126,10000,10,t,00:00:00.052855
126,10000,10,t,00:00:00.052306
126,10000,10,t,00:00:00.051788
126,10000,10,t,00:00:00.051738
126,10000,10,t,00:00:00.051634
126,10000,10,t,00:00:00.052174
126,10000,10,t,00:00:00.051855
126,10000,10,t,00:00:00.051519
126,10000,10,t,00:00:00.051725
127,10000,10,t,00:00:00.053293
127,10000,10,t,00:00:00.052782
127,10000,10,t,00:00:00.052593
127,10000,10,t,00:00:00.052946
127,10000,10,t,00:00:00.052898
127,10000,10,t,00:00:00.053256
127,10000,10,t,00:00:00.052671
127,10000,10,t,00:00:00.053331
127,10000,10,t,00:00:00.053246
127,10000,10,t,00:00:00.05237
128,10000,10,t,00:00:00.052757
128,10000,10,t,00:00:00.05258
128,10000,10,t,00:00:00.053151
128,10000,10,t,00:00:00.052529
128,10000,10,t,00:00:00.05246
128,10000,10,t,00:00:00.052418
128,10000,10,t,00:00:00.053162
128,10000,10,t,00:00:00.052657
128,10000,10,t,00:00:00.05264
128,10000,10,t,00:00:00.052402
129,10000,10,t,00:00:00.056743
129,10000,10,t,00:00:00.053888
129,10000,10,t,00:00:00.054444
129,10000,10,t,00:00:00.053856
129,10000,10,t,00:00:00.055616
129,10000,10,t,00:00:00.057006
129,10000,10,t,00:00:00.053984
129,10000,10,t,00:00:00.054375
129,10000,10,t,00:00:00.05469
129,10000,10,t,00:00:00.054459
130,10000,10,t,00:00:00.056149
130,10000,10,t,00:00:00.054842
130,10000,10,t,00:00:00.055348
130,10000,10,t,00:00:00.054781
130,10000,10,t,00:00:00.054582
130,10000,10,t,00:00:00.055033
130,10000,10,t,00:00:00.055076
130,10000,10,t,00:00:00.054319
130,10000,10,t,00:00:00.054797
130,10000,10,t,00:00:00.055591
131,10000,10,t,00:00:00.055685
131,10000,10,t,00:00:00.055713
131,10000,10,t,00:00:00.055506
131,10000,10,t,00:00:00.056409
131,10000,10,t,00:00:00.0564
131,10000,10,t,00:00:00.055532
131,10000,10,t,00:00:00.055196
131,10000,10,t,00:00:00.055189
131,10000,10,t,00:00:00.055536
131,10000,10,t,00:00:00.055371
132,10000,10,t,00:00:00.056469
132,10000,10,t,00:00:00.056405
132,10000,10,t,00:00:00.056091
132,10000,10,t,00:00:00.056412
132,10000,10,t,00:00:00.055818
132,10000,10,t,00:00:00.055451
132,10000,10,t,00:00:00.059509
132,10000,10,t,00:00:00.057177
132,10000,10,t,00:00:00.05568
132,10000,10,t,00:00:00.056208
133,10000,10,t,00:00:00.057308
133,10000,10,t,00:00:00.057523
133,10000,10,t,00:00:00.057832
133,10000,10,t,00:00:00.057714
133,10000,10,t,00:00:00.057354
133,10000,10,t,00:00:00.057172
133,10000,10,t,00:00:00.057693
133,10000,10,t,00:00:00.057729
133,10000,10,t,00:00:00.057771
133,10000,10,t,00:00:00.057765
134,10000,10,t,00:00:00.058921
134,10000,10,t,00:00:00.058032
134,10000,10,t,00:00:00.058458
134,10000,10,t,00:00:00.057713
134,10000,10,t,00:00:00.058422
134,10000,10,t,00:00:00.057446
134,10000,10,t,00:00:00.057985
134,10000,10,t,00:00:00.057448
134,10000,10,t,00:00:00.058782
134,10000,10,t,00:00:00.058089
135,10000,10,t,00:00:00.059445
135,10000,10,t,00:00:00.058951
135,10000,10,t,00:00:00.059265
135,10000,10,t,00:00:00.059588
135,10000,10,t,00:00:00.059247
135,10000,10,t,00:00:00.06008
135,10000,10,t,00:00:00.059329
135,10000,10,t,00:00:00.059069
135,10000,10,t,00:00:00.058409
135,10000,10,t,00:00:00.059436
136,10000,10,t,00:00:00.060714
136,10000,10,t,00:00:00.058865
136,10000,10,t,00:00:00.05901
136,10000,10,t,00:00:00.059278
136,10000,10,t,00:00:00.059144
136,10000,10,t,00:00:00.059175
136,10000,10,t,00:00:00.058424
136,10000,10,t,00:00:00.058383
136,10000,10,t,00:00:00.058137
136,10000,10,t,00:00:00.059014
137,10000,10,t,00:00:00.060631
137,10000,10,t,00:00:00.060414
137,10000,10,t,00:00:00.060732
137,10000,10,t,00:00:00.061534
137,10000,10,t,00:00:00.060737
137,10000,10,t,00:00:00.060056
137,10000,10,t,00:00:00.059653
137,10000,10,t,00:00:00.059981
137,10000,10,t,00:00:00.060312
137,10000,10,t,00:00:00.059795
138,10000,10,t,00:00:00.060651
138,10000,10,t,00:00:00.061418
138,10000,10,t,00:00:00.083546
138,10000,10,t,00:00:00.060193
138,10000,10,t,00:00:00.059538
138,10000,10,t,00:00:00.060034
138,10000,10,t,00:00:00.063418
138,10000,10,t,00:00:00.060179
138,10000,10,t,00:00:00.060097
138,10000,10,t,00:00:00.060134
139,10000,10,t,00:00:00.061564
139,10000,10,t,00:00:00.061747
139,10000,10,t,00:00:00.061377
139,10000,10,t,00:00:00.087122
139,10000,10,t,00:00:00.065046
139,10000,10,t,00:00:00.061378
139,10000,10,t,00:00:00.061951
139,10000,10,t,00:00:00.061369
139,10000,10,t,00:00:00.061411
139,10000,10,t,00:00:00.062211
140,10000,10,t,00:00:00.062781
140,10000,10,t,00:00:00.062791
140,10000,10,t,00:00:00.062602
140,10000,10,t,00:00:00.063526
140,10000,10,t,00:00:00.062228
140,10000,10,t,00:00:00.063287
140,10000,10,t,00:00:00.062999
140,10000,10,t,00:00:00.062507
140,10000,10,t,00:00:00.063899
140,10000,10,t,00:00:00.064136
141,10000,10,t,00:00:00.066061
141,10000,10,t,00:00:00.064354
141,10000,10,t,00:00:00.065342
141,10000,10,t,00:00:00.064892
141,10000,10,t,00:00:00.064147
141,10000,10,t,00:00:00.063915
141,10000,10,t,00:00:00.064908
141,10000,10,t,00:00:00.064075
141,10000,10,t,00:00:00.064729
141,10000,10,t,00:00:00.064022
142,10000,10,t,00:00:00.066126
142,10000,10,t,00:00:00.06512
142,10000,10,t,00:00:00.065153
142,10000,10,t,00:00:00.070115
142,10000,10,t,00:00:00.067727
142,10000,10,t,00:00:00.06513
142,10000,10,t,00:00:00.065249
142,10000,10,t,00:00:00.065555
142,10000,10,t,00:00:00.065627
142,10000,10,t,00:00:00.064411
143,10000,10,t,00:00:00.067633
143,10000,10,t,00:00:00.066225
143,10000,10,t,00:00:00.066397
143,10000,10,t,00:00:00.066398
143,10000,10,t,00:00:00.066635
143,10000,10,t,00:00:00.067348
143,10000,10,t,00:00:00.067481
143,10000,10,t,00:00:00.066851
143,10000,10,t,00:00:00.066008
143,10000,10,t,00:00:00.065952
144,10000,10,t,00:00:00.067263
144,10000,10,t,00:00:00.065782
144,10000,10,t,00:00:00.065313
144,10000,10,t,00:00:00.0663
144,10000,10,t,00:00:00.066489
144,10000,10,t,00:00:00.06572
144,10000,10,t,00:00:00.066176
144,10000,10,t,00:00:00.066049
144,10000,10,t,00:00:00.065656
144,10000,10,t,00:00:00.065417
145,10000,10,t,00:00:00.066307
145,10000,10,t,00:00:00.06587
145,10000,10,t,00:00:00.065484
145,10000,10,t,00:00:00.065927
145,10000,10,t,00:00:00.067572
145,10000,10,t,00:00:00.066959
145,10000,10,t,00:00:00.066354
145,10000,10,t,00:00:00.066359
145,10000,10,t,00:00:00.068564
145,10000,10,t,00:00:00.065807
146,10000,10,t,00:00:00.066661
146,10000,10,t,00:00:00.067243
146,10000,10,t,00:00:00.06736
146,10000,10,t,00:00:00.067564
146,10000,10,t,00:00:00.067037
146,10000,10,t,00:00:00.067653
146,10000,10,t,00:00:00.066658
146,10000,10,t,00:00:00.067154
146,10000,10,t,00:00:00.066947
146,10000,10,t,00:00:00.066689
147,10000,10,t,00:00:00.067869
147,10000,10,t,00:00:00.069327
147,10000,10,t,00:00:00.067793
147,10000,10,t,00:00:00.068549
147,10000,10,t,00:00:00.067744
147,10000,10,t,00:00:00.067436
147,10000,10,t,00:00:00.068077
147,10000,10,t,00:00:00.067867
147,10000,10,t,00:00:00.068299
147,10000,10,t,00:00:00.068717
148,10000,10,t,00:00:00.069546
148,10000,10,t,00:00:00.069634
148,10000,10,t,00:00:00.068323
148,10000,10,t,00:00:00.068596
148,10000,10,t,00:00:00.072023
148,10000,10,t,00:00:00.068406
148,10000,10,t,00:00:00.068451
148,10000,10,t,00:00:00.068454
148,10000,10,t,00:00:00.068606
148,10000,10,t,00:00:00.068802
149,10000,10,t,00:00:00.07027
149,10000,10,t,00:00:00.069556
149,10000,10,t,00:00:00.069461
149,10000,10,t,00:00:00.069596
149,10000,10,t,00:00:00.069259
149,10000,10,t,00:00:00.069101
149,10000,10,t,00:00:00.069755
149,10000,10,t,00:00:00.069706
149,10000,10,t,00:00:00.069064
149,10000,10,t,00:00:00.070002
150,10000,10,t,00:00:00.071314
150,10000,10,t,00:00:00.07166
150,10000,10,t,00:00:00.07135
150,10000,10,t,00:00:00.071194
150,10000,10,t,00:00:00.07061
150,10000,10,t,00:00:00.071327
150,10000,10,t,00:00:00.070933
150,10000,10,t,00:00:00.07085
150,10000,10,t,00:00:00.070651
150,10000,10,t,00:00:00.070417
151,10000,10,t,00:00:00.075097
151,10000,10,t,00:00:00.072788
151,10000,10,t,00:00:00.074495
151,10000,10,t,00:00:00.072513
151,10000,10,t,00:00:00.073392
151,10000,10,t,00:00:00.074382
151,10000,10,t,00:00:00.073226
151,10000,10,t,00:00:00.072801
151,10000,10,t,00:00:00.073418
151,10000,10,t,00:00:00.07325
152,10000,10,t,00:00:00.073826
152,10000,10,t,00:00:00.072914
152,10000,10,t,00:00:00.072763
152,10000,10,t,00:00:00.07337
152,10000,10,t,00:00:00.072506
152,10000,10,t,00:00:00.072939
152,10000,10,t,00:00:00.072718
152,10000,10,t,00:00:00.0726
152,10000,10,t,00:00:00.072591
152,10000,10,t,00:00:00.075419
153,10000,10,t,00:00:00.074894
153,10000,10,t,00:00:00.072434
153,10000,10,t,00:00:00.072695
153,10000,10,t,00:00:00.073023
153,10000,10,t,00:00:00.072787
153,10000,10,t,00:00:00.073178
153,10000,10,t,00:00:00.073179
153,10000,10,t,00:00:00.072544
153,10000,10,t,00:00:00.073001
153,10000,10,t,00:00:00.073956
154,10000,10,t,00:00:00.075077
154,10000,10,t,00:00:00.073684
154,10000,10,t,00:00:00.073674
154,10000,10,t,00:00:00.07431
154,10000,10,t,00:00:00.073976
154,10000,10,t,00:00:00.073751
154,10000,10,t,00:00:00.073649
154,10000,10,t,00:00:00.074389
154,10000,10,t,00:00:00.07434
154,10000,10,t,00:00:00.074145
155,10000,10,t,00:00:00.076614
155,10000,10,t,00:00:00.075647
155,10000,10,t,00:00:00.07574
155,10000,10,t,00:00:00.077539
155,10000,10,t,00:00:00.075568
155,10000,10,t,00:00:00.075872
155,10000,10,t,00:00:00.075917
155,10000,10,t,00:00:00.075864
155,10000,10,t,00:00:00.075846
155,10000,10,t,00:00:00.076158
156,10000,10,t,00:00:00.07824
156,10000,10,t,00:00:00.077443
156,10000,10,t,00:00:00.078593
156,10000,10,t,00:00:00.076952
156,10000,10,t,00:00:00.077225
156,10000,10,t,00:00:00.077716
156,10000,10,t,00:00:00.079395
156,10000,10,t,00:00:00.077424
156,10000,10,t,00:00:00.07775
156,10000,10,t,00:00:00.076881
157,10000,10,t,00:00:00.077448
157,10000,10,t,00:00:00.076682
157,10000,10,t,00:00:00.07682
157,10000,10,t,00:00:00.076676
157,10000,10,t,00:00:00.076716
157,10000,10,t,00:00:00.076629
157,10000,10,t,00:00:00.077495
157,10000,10,t,00:00:00.07695
157,10000,10,t,00:00:00.076325
157,10000,10,t,00:00:00.077146
158,10000,10,t,00:00:00.077986
158,10000,10,t,00:00:00.077923
158,10000,10,t,00:00:00.077975
158,10000,10,t,00:00:00.078226
158,10000,10,t,00:00:00.078479
158,10000,10,t,00:00:00.078102
158,10000,10,t,00:00:00.077409
158,10000,10,t,00:00:00.077715
158,10000,10,t,00:00:00.077918
158,10000,10,t,00:00:00.077501
159,10000,10,t,00:00:00.079315
159,10000,10,t,00:00:00.079052
159,10000,10,t,00:00:00.080571
159,10000,10,t,00:00:00.078808
159,10000,10,t,00:00:00.078123
159,10000,10,t,00:00:00.091868
159,10000,10,t,00:00:00.082299
159,10000,10,t,00:00:00.077916
159,10000,10,t,00:00:00.082028
159,10000,10,t,00:00:00.078833
160,10000,10,t,00:00:00.082957
160,10000,10,t,00:00:00.079553
160,10000,10,t,00:00:00.080155
160,10000,10,t,00:00:00.079853
160,10000,10,t,00:00:00.08074
160,10000,10,t,00:00:00.080231
160,10000,10,t,00:00:00.08065
160,10000,10,t,00:00:00.080378
160,10000,10,t,00:00:00.07976
160,10000,10,t,00:00:00.079977
161,10000,10,t,00:00:00.081262
161,10000,10,t,00:00:00.079515
161,10000,10,t,00:00:00.080049
161,10000,10,t,00:00:00.079983
161,10000,10,t,00:00:00.079906
161,10000,10,t,00:00:00.080153
161,10000,10,t,00:00:00.10018
161,10000,10,t,00:00:00.084439
161,10000,10,t,00:00:00.080086
161,10000,10,t,00:00:00.079894
162,10000,10,t,00:00:00.082605
162,10000,10,t,00:00:00.08193
162,10000,10,t,00:00:00.081993
162,10000,10,t,00:00:00.082764
162,10000,10,t,00:00:00.0823
162,10000,10,t,00:00:00.081765
162,10000,10,t,00:00:00.081918
162,10000,10,t,00:00:00.081895
162,10000,10,t,00:00:00.08175
162,10000,10,t,00:00:00.082329
163,10000,10,t,00:00:00.083567
163,10000,10,t,00:00:00.084254
163,10000,10,t,00:00:00.08354
163,10000,10,t,00:00:00.08361
163,10000,10,t,00:00:00.083583
163,10000,10,t,00:00:00.083266
163,10000,10,t,00:00:00.083385
163,10000,10,t,00:00:00.084152
163,10000,10,t,00:00:00.083141
163,10000,10,t,00:00:00.084147
164,10000,10,t,00:00:00.089329
164,10000,10,t,00:00:00.084198
164,10000,10,t,00:00:00.083926
164,10000,10,t,00:00:00.085285
164,10000,10,t,00:00:00.084222
164,10000,10,t,00:00:00.08502
164,10000,10,t,00:00:00.083955
164,10000,10,t,00:00:00.084201
164,10000,10,t,00:00:00.083653
164,10000,10,t,00:00:00.083919
165,10000,10,t,00:00:00.085921
165,10000,10,t,00:00:00.08543
165,10000,10,t,00:00:00.086315
165,10000,10,t,00:00:00.085365
165,10000,10,t,00:00:00.086697
165,10000,10,t,00:00:00.089695
165,10000,10,t,00:00:00.085862
165,10000,10,t,00:00:00.086235
165,10000,10,t,00:00:00.086231
165,10000,10,t,00:00:00.086263
166,10000,10,t,00:00:00.087714
166,10000,10,t,00:00:00.086889
166,10000,10,t,00:00:00.086175
166,10000,10,t,00:00:00.088193
166,10000,10,t,00:00:00.087011
166,10000,10,t,00:00:00.087429
166,10000,10,t,00:00:00.086757
166,10000,10,t,00:00:00.086842
166,10000,10,t,00:00:00.087718
166,10000,10,t,00:00:00.086531
167,10000,10,t,00:00:00.086834
167,10000,10,t,00:00:00.086602
167,10000,10,t,00:00:00.08717
167,10000,10,t,00:00:00.086846
167,10000,10,t,00:00:00.086014
167,10000,10,t,00:00:00.088277
167,10000,10,t,00:00:00.086586
167,10000,10,t,00:00:00.086929
167,10000,10,t,00:00:00.086612
167,10000,10,t,00:00:00.086526
168,10000,10,t,00:00:00.088827
168,10000,10,t,00:00:00.088967
168,10000,10,t,00:00:00.088541
168,10000,10,t,00:00:00.089335
168,10000,10,t,00:00:00.088572
168,10000,10,t,00:00:00.088516
168,10000,10,t,00:00:00.091031
168,10000,10,t,00:00:00.088764
168,10000,10,t,00:00:00.088806
168,10000,10,t,00:00:00.088794
169,10000,10,t,00:00:00.091698
169,10000,10,t,00:00:00.08966
169,10000,10,t,00:00:00.089717
169,10000,10,t,00:00:00.090444
169,10000,10,t,00:00:00.089514
169,10000,10,t,00:00:00.15038
169,10000,10,t,00:00:00.089472
169,10000,10,t,00:00:00.089431
169,10000,10,t,00:00:00.089411
169,10000,10,t,00:00:00.089623
170,10000,10,t,00:00:00.089611
170,10000,10,t,00:00:00.090855
170,10000,10,t,00:00:00.090862
170,10000,10,t,00:00:00.090322
170,10000,10,t,00:00:00.090948
170,10000,10,t,00:00:00.091017
170,10000,10,t,00:00:00.090339
170,10000,10,t,00:00:00.090998
170,10000,10,t,00:00:00.091883
170,10000,10,t,00:00:00.090372
171,10000,10,t,00:00:00.092308
171,10000,10,t,00:00:00.094112
171,10000,10,t,00:00:00.091252
171,10000,10,t,00:00:00.091364
171,10000,10,t,00:00:00.091664
171,10000,10,t,00:00:00.091257
171,10000,10,t,00:00:00.091386
171,10000,10,t,00:00:00.091356
171,10000,10,t,00:00:00.091593
171,10000,10,t,00:00:00.091322
172,10000,10,t,00:00:00.092613
172,10000,10,t,00:00:00.093033
172,10000,10,t,00:00:00.092013
172,10000,10,t,00:00:00.091455
172,10000,10,t,00:00:00.093038
172,10000,10,t,00:00:00.091272
172,10000,10,t,00:00:00.091821
172,10000,10,t,00:00:00.092021
172,10000,10,t,00:00:00.092449
172,10000,10,t,00:00:00.092334
173,10000,10,t,00:00:00.095518
173,10000,10,t,00:00:00.093839
173,10000,10,t,00:00:00.093696
173,10000,10,t,00:00:00.093791
173,10000,10,t,00:00:00.093489
173,10000,10,t,00:00:00.093243
173,10000,10,t,00:00:00.094398
173,10000,10,t,00:00:00.093005
173,10000,10,t,00:00:00.094774
173,10000,10,t,00:00:00.093616
174,10000,10,t,00:00:00.094637
174,10000,10,t,00:00:00.094192
174,10000,10,t,00:00:00.093093
174,10000,10,t,00:00:00.094366
174,10000,10,t,00:00:00.093487
174,10000,10,t,00:00:00.09361
174,10000,10,t,00:00:00.093219
174,10000,10,t,00:00:00.093804
174,10000,10,t,00:00:00.094201
174,10000,10,t,00:00:00.094304
175,10000,10,t,00:00:00.094836
175,10000,10,t,00:00:00.096856
175,10000,10,t,00:00:00.094721
175,10000,10,t,00:00:00.094657
175,10000,10,t,00:00:00.094688
175,10000,10,t,00:00:00.095127
175,10000,10,t,00:00:00.094849
175,10000,10,t,00:00:00.094964
175,10000,10,t,00:00:00.094688
175,10000,10,t,00:00:00.095053
176,10000,10,t,00:00:00.103501
176,10000,10,t,00:00:00.104697
176,10000,10,t,00:00:00.105227
176,10000,10,t,00:00:00.105147
176,10000,10,t,00:00:00.123465
176,10000,10,t,00:00:00.108944
176,10000,10,t,00:00:00.108342
176,10000,10,t,00:00:00.105434
176,10000,10,t,00:00:00.105514
176,10000,10,t,00:00:00.104675
177,10000,10,t,00:00:00.115161
177,10000,10,t,00:00:00.119528
177,10000,10,t,00:00:00.104606
177,10000,10,t,00:00:00.10485
177,10000,10,t,00:00:00.104891
177,10000,10,t,00:00:00.137167
177,10000,10,t,00:00:00.126423
177,10000,10,t,00:00:00.1049
177,10000,10,t,00:00:00.104286
177,10000,10,t,00:00:00.105693
178,10000,10,t,00:00:00.103582
178,10000,10,t,00:00:00.103597
178,10000,10,t,00:00:00.103616
178,10000,10,t,00:00:00.103341
178,10000,10,t,00:00:00.104085
178,10000,10,t,00:00:00.103324
178,10000,10,t,00:00:00.103205
178,10000,10,t,00:00:00.103188
178,10000,10,t,00:00:00.110527
178,10000,10,t,00:00:00.105391
179,10000,10,t,00:00:00.105791
179,10000,10,t,00:00:00.104719
179,10000,10,t,00:00:00.105326
179,10000,10,t,00:00:00.105061
179,10000,10,t,00:00:00.105224
179,10000,10,t,00:00:00.10534
179,10000,10,t,00:00:00.105318
179,10000,10,t,00:00:00.104724
179,10000,10,t,00:00:00.105395
179,10000,10,t,00:00:00.10541
180,10000,10,t,00:00:00.104999
180,10000,10,t,00:00:00.105084
180,10000,10,t,00:00:00.122711
180,10000,10,t,00:00:00.104975
180,10000,10,t,00:00:00.104771
180,10000,10,t,00:00:00.104783
180,10000,10,t,00:00:00.104767
180,10000,10,t,00:00:00.104589
180,10000,10,t,00:00:00.106774
180,10000,10,t,00:00:00.104394
181,10000,10,t,00:00:00.109618
181,10000,10,t,00:00:00.107075
181,10000,10,t,00:00:00.107533
181,10000,10,t,00:00:00.106978
181,10000,10,t,00:00:00.107315
181,10000,10,t,00:00:00.107415
181,10000,10,t,00:00:00.10656
181,10000,10,t,00:00:00.107122
181,10000,10,t,00:00:00.106949
181,10000,10,t,00:00:00.107213
182,10000,10,t,00:00:00.110097
182,10000,10,t,00:00:00.111655
182,10000,10,t,00:00:00.10963
182,10000,10,t,00:00:00.109088
182,10000,10,t,00:00:00.109427
182,10000,10,t,00:00:00.109521
182,10000,10,t,00:00:00.112645
182,10000,10,t,00:00:00.109582
182,10000,10,t,00:00:00.109146
182,10000,10,t,00:00:00.109902
183,10000,10,t,00:00:00.109553
183,10000,10,t,00:00:00.109934
183,10000,10,t,00:00:00.109918
183,10000,10,t,00:00:00.109815
183,10000,10,t,00:00:00.109657
183,10000,10,t,00:00:00.10989
183,10000,10,t,00:00:00.109916
183,10000,10,t,00:00:00.109603
183,10000,10,t,00:00:00.110201
183,10000,10,t,00:00:00.110154
184,10000,10,t,00:00:00.111328
184,10000,10,t,00:00:00.111477
184,10000,10,t,00:00:00.111425
184,10000,10,t,00:00:00.111655
184,10000,10,t,00:00:00.112957
184,10000,10,t,00:00:00.110628
184,10000,10,t,00:00:00.1104
184,10000,10,t,00:00:00.110805
184,10000,10,t,00:00:00.111176
184,10000,10,t,00:00:00.110827
185,10000,10,t,00:00:00.110915
185,10000,10,t,00:00:00.110418
185,10000,10,t,00:00:00.110084
185,10000,10,t,00:00:00.110347
185,10000,10,t,00:00:00.110778
185,10000,10,t,00:00:00.111544
185,10000,10,t,00:00:00.112863
185,10000,10,t,00:00:00.110663
185,10000,10,t,00:00:00.110446
185,10000,10,t,00:00:00.110342
186,10000,10,t,00:00:00.113642
186,10000,10,t,00:00:00.113006
186,10000,10,t,00:00:00.114455
186,10000,10,t,00:00:00.113193
186,10000,10,t,00:00:00.113097
186,10000,10,t,00:00:00.112877
186,10000,10,t,00:00:00.112798
186,10000,10,t,00:00:00.112519
186,10000,10,t,00:00:00.11255
186,10000,10,t,00:00:00.112772
187,10000,10,t,00:00:00.113453
187,10000,10,t,00:00:00.164794
187,10000,10,t,00:00:00.113423
187,10000,10,t,00:00:00.113659
187,10000,10,t,00:00:00.113275
187,10000,10,t,00:00:00.113403
187,10000,10,t,00:00:00.113176
187,10000,10,t,00:00:00.113503
187,10000,10,t,00:00:00.113444
187,10000,10,t,00:00:00.114517
188,10000,10,t,00:00:00.116891
188,10000,10,t,00:00:00.115899
188,10000,10,t,00:00:00.116167
188,10000,10,t,00:00:00.115958
188,10000,10,t,00:00:00.116123
188,10000,10,t,00:00:00.115912
188,10000,10,t,00:00:00.11668
188,10000,10,t,00:00:00.116377
188,10000,10,t,00:00:00.116156
188,10000,10,t,00:00:00.116315
189,10000,10,t,00:00:00.117149
189,10000,10,t,00:00:00.117036
189,10000,10,t,00:00:00.117314
189,10000,10,t,00:00:00.116639
189,10000,10,t,00:00:00.116874
189,10000,10,t,00:00:00.11676
189,10000,10,t,00:00:00.116388
189,10000,10,t,00:00:00.118543
189,10000,10,t,00:00:00.11665
189,10000,10,t,00:00:00.135113
190,10000,10,t,00:00:00.119675
190,10000,10,t,00:00:00.123339
190,10000,10,t,00:00:00.119929
190,10000,10,t,00:00:00.121843
190,10000,10,t,00:00:00.119053
190,10000,10,t,00:00:00.119521
190,10000,10,t,00:00:00.119203
190,10000,10,t,00:00:00.119535
190,10000,10,t,00:00:00.119271
190,10000,10,t,00:00:00.119538
191,10000,10,t,00:00:00.120244
191,10000,10,t,00:00:00.120292
191,10000,10,t,00:00:00.120669
191,10000,10,t,00:00:00.147628
191,10000,10,t,00:00:00.120208
191,10000,10,t,00:00:00.120406
191,10000,10,t,00:00:00.120517
191,10000,10,t,00:00:00.120846
191,10000,10,t,00:00:00.120451
191,10000,10,t,00:00:00.120433
192,10000,10,t,00:00:00.119103
192,10000,10,t,00:00:00.119256
192,10000,10,t,00:00:00.119027
192,10000,10,t,00:00:00.118708
192,10000,10,t,00:00:00.118933
192,10000,10,t,00:00:00.119308
192,10000,10,t,00:00:00.118983
192,10000,10,t,00:00:00.118549
192,10000,10,t,00:00:00.119109
192,10000,10,t,00:00:00.118983
193,10000,10,t,00:00:00.122848
193,10000,10,t,00:00:00.120036
193,10000,10,t,00:00:00.120789
193,10000,10,t,00:00:00.120013
193,10000,10,t,00:00:00.120427
193,10000,10,t,00:00:00.119903
193,10000,10,t,00:00:00.120611
193,10000,10,t,00:00:00.119989
193,10000,10,t,00:00:00.120148
193,10000,10,t,00:00:00.120061
194,10000,10,t,00:00:00.127778
194,10000,10,t,00:00:00.12395
194,10000,10,t,00:00:00.124505
194,10000,10,t,00:00:00.123501
194,10000,10,t,00:00:00.123824
194,10000,10,t,00:00:00.123584
194,10000,10,t,00:00:00.125519
194,10000,10,t,00:00:00.124132
194,10000,10,t,00:00:00.123586
194,10000,10,t,00:00:00.123624
195,10000,10,t,00:00:00.127468
195,10000,10,t,00:00:00.128149
195,10000,10,t,00:00:00.128958
195,10000,10,t,00:00:00.128612
195,10000,10,t,00:00:00.132227
195,10000,10,t,00:00:00.128401
195,10000,10,t,00:00:00.128173
195,10000,10,t,00:00:00.128329
195,10000,10,t,00:00:00.127985
195,10000,10,t,00:00:00.12815
196,10000,10,t,00:00:00.128805
196,10000,10,t,00:00:00.127537
196,10000,10,t,00:00:00.129502
196,10000,10,t,00:00:00.127352
196,10000,10,t,00:00:00.127871
196,10000,10,t,00:00:00.12744
196,10000,10,t,00:00:00.127998
196,10000,10,t,00:00:00.127738
196,10000,10,t,00:00:00.12728
196,10000,10,t,00:00:00.127823
197,10000,10,t,00:00:00.127464
197,10000,10,t,00:00:00.126587
197,10000,10,t,00:00:00.127043
197,10000,10,t,00:00:00.126666
197,10000,10,t,00:00:00.126793
197,10000,10,t,00:00:00.126957
197,10000,10,t,00:00:00.126551
197,10000,10,t,00:00:00.127993
197,10000,10,t,00:00:00.12701
197,10000,10,t,00:00:00.127678
198,10000,10,t,00:00:00.132257
198,10000,10,t,00:00:00.129425
198,10000,10,t,00:00:00.128974
198,10000,10,t,00:00:00.129648
198,10000,10,t,00:00:00.129336
198,10000,10,t,00:00:00.129509
198,10000,10,t,00:00:00.129469
198,10000,10,t,00:00:00.129087
198,10000,10,t,00:00:00.129124
198,10000,10,t,00:00:00.129284
199,10000,10,t,00:00:00.1294
199,10000,10,t,00:00:00.129365
199,10000,10,t,00:00:00.129541
199,10000,10,t,00:00:00.138618
199,10000,10,t,00:00:00.129308
199,10000,10,t,00:00:00.129624
199,10000,10,t,00:00:00.129654
199,10000,10,t,00:00:00.129797
199,10000,10,t,00:00:00.129616
199,10000,10,t,00:00:00.129591
200,10000,10,t,00:00:00.131161
200,10000,10,t,00:00:00.130466
200,10000,10,t,00:00:00.130174
200,10000,10,t,00:00:00.130631
200,10000,10,t,00:00:00.130854
200,10000,10,t,00:00:00.13075
200,10000,10,t,00:00:00.131698
200,10000,10,t,00:00:00.131061
200,10000,10,t,00:00:00.132917
200,10000,10,t,00:00:00.131273
